period,option,trades,net_pct,win_rate,profit_factor,sharpe,max_dd,cagr
2020-H1,Baseline,74,-26.35,33.8,0.38,-3.6,-26.55,-45.72
2020-H1,Best_A,16,1.0,62.5,2.89,0.55,-2.44,2.12
2020-H2,Baseline,54,-10.74,29.6,0.72,-4.07,-10.59,-20.0
2020-H2,Best_A,16,-1.41,37.5,1.51,-1.1,-2.94,-2.69
2021-H1,Baseline,51,-12.35,37.3,0.79,-1.97,-16.01,-23.2
2021-H1,Best_A,7,-2.45,28.6,0.21,-2.77,-2.57,-4.87
2023-H2,Baseline,66,-19.25,15.2,0.14,-11.16,-19.05,-34.42
2023-H2,Best_A,12,-2.38,25.0,0.63,-3.1,-3.01,-4.62
2024-H1,Baseline,60,-13.38,33.3,0.6,-5.18,-15.21,-24.84
2024-H1,Best_A,10,-2.69,30.0,0.27,-2.87,-2.78,-5.3
