params,trades,win_rate,net_return,profit_factor,sharpe,max_dd
"{'entry_mode': 'bull_pullback', 'stoch_oversold': 10, 'stoch_overbought': 70, 'adx_max': 16, 'rsi_max': 35, 'sd_threshold': 3.5, 'volume_mult': 2.0, 'atr_stop': 0.7, 'atr_target': 3.8, 'pullback_bars': 3, 'use_htf_vwap': True, 'use_htf_ema': False, 'htf_adx_max': 25}",0,0,0,0,0,0
"{'entry_mode': 'bull_pullback', 'stoch_oversold': 10, 'stoch_overbought': 70, 'adx_max': 16, 'rsi_max': 40, 'sd_threshold': 3.5, 'volume_mult': 2.0, 'atr_stop': 0.7, 'atr_target': 3.8, 'pullback_bars': 3, 'use_htf_vwap': True, 'use_htf_ema': False, 'htf_adx_max': 25}",0,0,0,0,0,0
"{'entry_mode': 'bull_pullback', 'stoch_oversold': 10, 'stoch_overbought': 70, 'adx_max': 16, 'rsi_max': 45, 'sd_threshold': 3.5, 'volume_mult': 2.0, 'atr_stop': 0.7, 'atr_target': 3.8, 'pullback_bars': 3, 'use_htf_vwap': True, 'use_htf_ema': False, 'htf_adx_max': 25}",0,0,0,0,0,0
"{'entry_mode': 'bull_pullback', 'stoch_oversold': 10, 'stoch_overbought': 70, 'adx_max': 16, 'rsi_max': 50, 'sd_threshold': 3.5, 'volume_mult': 2.0, 'atr_stop': 0.7, 'atr_target': 3.8, 'pullback_bars': 3, 'use_htf_vwap': True, 'use_htf_ema': False, 'htf_adx_max': 25}",0,0,0,0,0,0
"{'entry_mode': 'bull_pullback', 'stoch_oversold': 10, 'stoch_overbought': 70, 'adx_max': 16, 'rsi_max': 55, 'sd_threshold': 3.5, 'volume_mult': 2.0, 'atr_stop': 0.7, 'atr_target': 3.8, 'pullback_bars': 3, 'use_htf_vwap': True, 'use_htf_ema': False, 'htf_adx_max': 25}",0,0,0,0,0,0
"{'entry_mode': 'bull_pullback', 'stoch_oversold': 10, 'stoch_overbought': 70, 'adx_max': 16, 'rsi_max': 60, 'sd_threshold': 3.5, 'volume_mult': 2.0, 'atr_stop': 0.7, 'atr_target': 3.8, 'pullback_bars': 3, 'use_htf_vwap': True, 'use_htf_ema': False, 'htf_adx_max': 25}",0,0,0,0,0,0
"{'entry_mode': 'bull_pullback', 'stoch_oversold': 10, 'stoch_overbought': 70, 'adx_max': 18, 'rsi_max': 35, 'sd_threshold': 3.5, 'volume_mult': 2.0, 'atr_stop': 0.7, 'atr_target': 3.8, 'pullback_bars': 3, 'use_htf_vwap': True, 'use_htf_ema': False, 'htf_adx_max': 25}",0,0,0,0,0,0
"{'entry_mode': 'bull_pullback', 'stoch_oversold': 10, 'stoch_overbought': 70, 'adx_max': 18, 'rsi_max': 40, 'sd_threshold': 3.5, 'volume_mult': 2.0, 'atr_stop': 0.7, 'atr_target': 3.8, 'pullback_bars': 3, 'use_htf_vwap': True, 'use_htf_ema': False, 'htf_adx_max': 25}",0,0,0,0,0,0
"{'entry_mode': 'bull_pullback', 'stoch_oversold': 10, 'stoch_overbought': 70, 'adx_max': 18, 'rsi_max': 45, 'sd_threshold': 3.5, 'volume_mult': 2.0, 'atr_stop': 0.7, 'atr_target': 3.8, 'pullback_bars': 3, 'use_htf_vwap': True, 'use_htf_ema': False, 'htf_adx_max': 25}",0,0,0,0,0,0
"{'entry_mode': 'bull_pullback', 'stoch_oversold': 10, 'stoch_overbought': 70, 'adx_max': 18, 'rsi_max': 50, 'sd_threshold': 3.5, 'volume_mult': 2.0, 'atr_stop': 0.7, 'atr_target': 3.8, 'pullback_bars': 3, 'use_htf_vwap': True, 'use_htf_ema': False, 'htf_adx_max': 25}",0,0,0,0,0,0
"{'entry_mode': 'bull_pullback', 'stoch_oversold': 10, 'stoch_overbought': 70, 'adx_max': 18, 'rsi_max': 55, 'sd_threshold': 3.5, 'volume_mult': 2.0, 'atr_stop': 0.7, 'atr_target': 3.8, 'pullback_bars': 3, 'use_htf_vwap': True, 'use_htf_ema': False, 'htf_adx_max': 25}",0,0,0,0,0,0
"{'entry_mode': 'bull_pullback', 'stoch_oversold': 10, 'stoch_overbought': 70, 'adx_max': 18, 'rsi_max': 60, 'sd_threshold': 3.5, 'volume_mult': 2.0, 'atr_stop': 0.7, 'atr_target': 3.8, 'pullback_bars': 3, 'use_htf_vwap': True, 'use_htf_ema': False, 'htf_adx_max': 25}",0,0,0,0,0,0
"{'entry_mode': 'bull_pullback', 'stoch_oversold': 10, 'stoch_overbought': 70, 'adx_max': 20, 'rsi_max': 35, 'sd_threshold': 3.5, 'volume_mult': 2.0, 'atr_stop': 0.7, 'atr_target': 3.8, 'pullback_bars': 3, 'use_htf_vwap': True, 'use_htf_ema': False, 'htf_adx_max': 25}",0,0,0,0,0,0
"{'entry_mode': 'bull_pullback', 'stoch_oversold': 10, 'stoch_overbought': 70, 'adx_max': 20, 'rsi_max': 40, 'sd_threshold': 3.5, 'volume_mult': 2.0, 'atr_stop': 0.7, 'atr_target': 3.8, 'pullback_bars': 3, 'use_htf_vwap': True, 'use_htf_ema': False, 'htf_adx_max': 25}",0,0,0,0,0,0
"{'entry_mode': 'bull_pullback', 'stoch_oversold': 10, 'stoch_overbought': 70, 'adx_max': 20, 'rsi_max': 45, 'sd_threshold': 3.5, 'volume_mult': 2.0, 'atr_stop': 0.7, 'atr_target': 3.8, 'pullback_bars': 3, 'use_htf_vwap': True, 'use_htf_ema': False, 'htf_adx_max': 25}",0,0,0,0,0,0
"{'entry_mode': 'bull_pullback', 'stoch_oversold': 10, 'stoch_overbought': 70, 'adx_max': 20, 'rsi_max': 50, 'sd_threshold': 3.5, 'volume_mult': 2.0, 'atr_stop': 0.7, 'atr_target': 3.8, 'pullback_bars': 3, 'use_htf_vwap': True, 'use_htf_ema': False, 'htf_adx_max': 25}",0,0,0,0,0,0
"{'entry_mode': 'bull_pullback', 'stoch_oversold': 10, 'stoch_overbought': 70, 'adx_max': 20, 'rsi_max': 55, 'sd_threshold': 3.5, 'volume_mult': 2.0, 'atr_stop': 0.7, 'atr_target': 3.8, 'pullback_bars': 3, 'use_htf_vwap': True, 'use_htf_ema': False, 'htf_adx_max': 25}",0,0,0,0,0,0
"{'entry_mode': 'bull_pullback', 'stoch_oversold': 10, 'stoch_overbought': 70, 'adx_max': 20, 'rsi_max': 60, 'sd_threshold': 3.5, 'volume_mult': 2.0, 'atr_stop': 0.7, 'atr_target': 3.8, 'pullback_bars': 3, 'use_htf_vwap': True, 'use_htf_ema': False, 'htf_adx_max': 25}",0,0,0,0,0,0
"{'entry_mode': 'bull_pullback', 'stoch_oversold': 10, 'stoch_overbought': 70, 'adx_max': 25, 'rsi_max': 35, 'sd_threshold': 3.5, 'volume_mult': 2.0, 'atr_stop': 0.7, 'atr_target': 3.8, 'pullback_bars': 3, 'use_htf_vwap': True, 'use_htf_ema': False, 'htf_adx_max': 25}",0,0,0,0,0,0
"{'entry_mode': 'bull_pullback', 'stoch_oversold': 10, 'stoch_overbought': 70, 'adx_max': 25, 'rsi_max': 40, 'sd_threshold': 3.5, 'volume_mult': 2.0, 'atr_stop': 0.7, 'atr_target': 3.8, 'pullback_bars': 3, 'use_htf_vwap': True, 'use_htf_ema': False, 'htf_adx_max': 25}",0,0,0,0,0,0
"{'entry_mode': 'bull_pullback', 'stoch_oversold': 10, 'stoch_overbought': 70, 'adx_max': 25, 'rsi_max': 45, 'sd_threshold': 3.5, 'volume_mult': 2.0, 'atr_stop': 0.7, 'atr_target': 3.8, 'pullback_bars': 3, 'use_htf_vwap': True, 'use_htf_ema': False, 'htf_adx_max': 25}",0,0,0,0,0,0
"{'entry_mode': 'bull_pullback', 'stoch_oversold': 10, 'stoch_overbought': 70, 'adx_max': 25, 'rsi_max': 50, 'sd_threshold': 3.5, 'volume_mult': 2.0, 'atr_stop': 0.7, 'atr_target': 3.8, 'pullback_bars': 3, 'use_htf_vwap': True, 'use_htf_ema': False, 'htf_adx_max': 25}",0,0,0,0,0,0
"{'entry_mode': 'bull_pullback', 'stoch_oversold': 10, 'stoch_overbought': 70, 'adx_max': 25, 'rsi_max': 55, 'sd_threshold': 3.5, 'volume_mult': 2.0, 'atr_stop': 0.7, 'atr_target': 3.8, 'pullback_bars': 3, 'use_htf_vwap': True, 'use_htf_ema': False, 'htf_adx_max': 25}",0,0,0,0,0,0
"{'entry_mode': 'bull_pullback', 'stoch_oversold': 10, 'stoch_overbought': 70, 'adx_max': 25, 'rsi_max': 60, 'sd_threshold': 3.5, 'volume_mult': 2.0, 'atr_stop': 0.7, 'atr_target': 3.8, 'pullback_bars': 3, 'use_htf_vwap': True, 'use_htf_ema': False, 'htf_adx_max': 25}",0,0,0,0,0,0
"{'entry_mode': 'bull_pullback', 'stoch_oversold': 10, 'stoch_overbought': 70, 'adx_max': 30, 'rsi_max': 35, 'sd_threshold': 3.5, 'volume_mult': 2.0, 'atr_stop': 0.7, 'atr_target': 3.8, 'pullback_bars': 3, 'use_htf_vwap': True, 'use_htf_ema': False, 'htf_adx_max': 25}",0,0,0,0,0,0
"{'entry_mode': 'bull_pullback', 'stoch_oversold': 10, 'stoch_overbought': 70, 'adx_max': 30, 'rsi_max': 40, 'sd_threshold': 3.5, 'volume_mult': 2.0, 'atr_stop': 0.7, 'atr_target': 3.8, 'pullback_bars': 3, 'use_htf_vwap': True, 'use_htf_ema': False, 'htf_adx_max': 25}",0,0,0,0,0,0
"{'entry_mode': 'bull_pullback', 'stoch_oversold': 10, 'stoch_overbought': 70, 'adx_max': 30, 'rsi_max': 45, 'sd_threshold': 3.5, 'volume_mult': 2.0, 'atr_stop': 0.7, 'atr_target': 3.8, 'pullback_bars': 3, 'use_htf_vwap': True, 'use_htf_ema': False, 'htf_adx_max': 25}",0,0,0,0,0,0
"{'entry_mode': 'bull_pullback', 'stoch_oversold': 10, 'stoch_overbought': 70, 'adx_max': 30, 'rsi_max': 50, 'sd_threshold': 3.5, 'volume_mult': 2.0, 'atr_stop': 0.7, 'atr_target': 3.8, 'pullback_bars': 3, 'use_htf_vwap': True, 'use_htf_ema': False, 'htf_adx_max': 25}",0,0,0,0,0,0
"{'entry_mode': 'bull_pullback', 'stoch_oversold': 10, 'stoch_overbought': 70, 'adx_max': 30, 'rsi_max': 55, 'sd_threshold': 3.5, 'volume_mult': 2.0, 'atr_stop': 0.7, 'atr_target': 3.8, 'pullback_bars': 3, 'use_htf_vwap': True, 'use_htf_ema': False, 'htf_adx_max': 25}",0,0,0,0,0,0
"{'entry_mode': 'bull_pullback', 'stoch_oversold': 10, 'stoch_overbought': 70, 'adx_max': 30, 'rsi_max': 60, 'sd_threshold': 3.5, 'volume_mult': 2.0, 'atr_stop': 0.7, 'atr_target': 3.8, 'pullback_bars': 3, 'use_htf_vwap': True, 'use_htf_ema': False, 'htf_adx_max': 25}",0,0,0,0,0,0
