Strategy,Year,Trades,WR%,PF,Net%,Sharpe,MaxDD%
Mean Reversion,2018,7,57.1,0.529,-23.69,-0.717,-38.63
Mean Reversion,2019,12,33.3,1.33,5.73,0.337,-43.2
Mean Reversion,2020,15,40.0,1.816,19.75,0.723,-25.14
Mean Reversion,2021,15,53.3,1.685,28.59,0.784,-30.11
Mean Reversion,2022,10,60.0,0.587,-16.46,-0.468,-32.5
Mean Reversion,2023,18,55.6,1.391,2.93,0.24,-13.24
Mean Reversion,2024,17,52.9,1.464,13.16,0.574,-27.4
Momentum Scalping,2018,11,45.5,0.715,-3.5,-0.851,-6.34
Momentum Scalping,2019,4,0.0,0.0,-3.93,-2.277,-3.93
Momentum Scalping,2020,14,64.3,1.142,-1.8,-0.913,-3.16
Momentum Scalping,2021,10,40.0,1.022,-1.45,-0.524,-2.12
Momentum Scalping,2022,8,50.0,0.514,-3.17,-1.054,-4.84
Momentum Scalping,2023,6,33.3,0.216,-1.73,-2.181,-1.85
Momentum Scalping,2024,13,46.2,0.336,-5.39,-1.688,-6.16
Liquidation Capture,2018,0,0.0,0.0,0.0,0.0,0.0
Liquidation Capture,2019,1,0.0,0.0,-19.1,-1.003,-19.1
Liquidation Capture,2020,0,0.0,0.0,0.0,0.0,0.0
Liquidation Capture,2021,0,0.0,0.0,0.0,0.0,0.0
Liquidation Capture,2022,0,0.0,0.0,0.0,0.0,0.0
Liquidation Capture,2023,0,0.0,0.0,0.0,0.0,0.0
Liquidation Capture,2024,0,0.0,0.0,0.0,0.0,0.0
Grid Trading,2018,7,42.9,1.031,-1.25,-0.068,-11.56
Grid Trading,2019,4,75.0,123.01,12.41,1.451,-3.6
Grid Trading,2020,2,0.0,0.0,-5.64,-1.333,-6.52
Grid Trading,2021,9,55.6,1.05,-1.22,-0.049,-9.89
Grid Trading,2022,11,18.2,0.321,-17.51,-1.713,-22.73
Grid Trading,2023,2,0.0,0.0,-3.39,-1.543,-3.39
Grid Trading,2024,12,58.3,1.166,-0.08,0.036,-6.37
MA Crossover,2018,0,0.0,0.0,0.0,0.0,0.0
MA Crossover,2019,1,0.0,0.0,-20.23,-1.545,-20.23
MA Crossover,2020,1,100.0,inf,16.54,1.332,-3.35
MA Crossover,2021,1,100.0,inf,14.56,1.556,-1.2
MA Crossover,2022,1,100.0,inf,13.56,1.737,-2.84
MA Crossover,2023,0,0.0,0.0,0.0,0.0,0.0
MA Crossover,2024,1,0.0,0.0,-12.43,-1.523,-12.43
