sd_threshold,atr_multiplier,entry_mode,position_size,cooldown,win_rate,total_trades,return_pct,avg_pnl,max_dd
2.5,1.5,mean_reversion,0.3,300,0.0%,0,0.0%,0.000,0.0%
2.5,1.5,cross,0.3,300,0.0%,0,0.0%,0.000,0.0%
2.5,1.5,bull_pullback,0.3,300,0.0%,0,0.0%,0.000,0.0%
2.5,1.5,bear_pullback,0.3,300,0.0%,0,0.0%,0.000,0.0%
2.5,2.0,mean_reversion,0.3,300,0.0%,0,0.0%,0.000,0.0%
2.5,2.0,cross,0.3,300,0.0%,0,0.0%,0.000,0.0%
2.5,2.0,bull_pullback,0.3,300,0.0%,0,0.0%,0.000,0.0%
2.5,2.0,bear_pullback,0.3,300,0.0%,0,0.0%,0.000,0.0%
3.0,1.5,mean_reversion,0.3,300,0.0%,0,0.0%,0.000,0.0%
3.0,1.5,cross,0.3,300,0.0%,0,0.0%,0.000,0.0%
3.0,1.5,bull_pullback,0.3,300,0.0%,0,0.0%,0.000,0.0%
3.0,1.5,bear_pullback,0.3,300,0.0%,0,0.0%,0.000,0.0%
3.0,2.0,mean_reversion,0.3,300,0.0%,0,0.0%,0.000,0.0%
3.0,2.0,cross,0.3,300,0.0%,0,0.0%,0.000,0.0%
3.0,2.0,bull_pullback,0.3,300,0.0%,0,0.0%,0.000,0.0%
3.0,2.0,bear_pullback,0.3,300,0.0%,0,0.0%,0.000,0.0%
3.5,1.5,mean_reversion,0.3,300,0.0%,0,0.0%,0.000,0.0%
3.5,1.5,cross,0.3,300,0.0%,0,0.0%,0.000,0.0%
3.5,1.5,bull_pullback,0.3,300,0.0%,0,0.0%,0.000,0.0%
3.5,1.5,bear_pullback,0.3,300,0.0%,0,0.0%,0.000,0.0%
3.5,2.0,mean_reversion,0.3,300,0.0%,0,0.0%,0.000,0.0%
3.5,2.0,cross,0.3,300,0.0%,0,0.0%,0.000,0.0%
3.5,2.0,bull_pullback,0.3,300,0.0%,0,0.0%,0.000,0.0%
3.5,2.0,bear_pullback,0.3,300,0.0%,0,0.0%,0.000,0.0%
