regime,entry_mode,sd_threshold,atr_stop,tp_mode,trailing_atr,trades,win_rate,net_pct,sharpe,max_dd_pct,profit_factor,avg_win_pct,avg_loss_pct,score
ALL,mean_reversion,2.5,1.5,atr,1.2,304,31.2,-58.8,-7.315,-58.8,0.33,0.22,-0.3,-58.8
ALL,mean_reversion,2.5,1.5,pdh,1.2,304,30.6,-58.63,-7.126,-58.63,0.35,0.24,-0.31,-58.63
ALL,mean_reversion,2.5,2.0,atr,1.2,304,31.2,-58.8,-7.315,-58.8,0.33,0.22,-0.3,-58.8
ALL,mean_reversion,2.5,2.0,pdh,1.2,304,30.6,-58.63,-7.126,-58.63,0.35,0.24,-0.31,-58.63
ALL,mean_reversion,2.5,1.5,atr,1.5,297,34.3,-57.73,-6.479,-57.73,0.39,0.26,-0.35,-57.73
ALL,mean_reversion,2.5,2.0,atr,1.5,297,34.3,-57.73,-6.479,-57.73,0.39,0.26,-0.35,-57.73
ALL,mean_reversion,2.5,1.5,pdh,1.5,296,32.8,-59.53,-6.443,-59.56,0.37,0.27,-0.36,-59.53
ALL,mean_reversion,2.5,2.0,pdh,1.5,296,32.8,-59.53,-6.443,-59.56,0.37,0.27,-0.36,-59.53
ALL,mean_reversion,3.0,1.5,atr,1.2,83,36.1,-16.97,-3.042,-16.97,0.54,0.24,-0.25,-16.97
ALL,mean_reversion,2.5,2.5,atr,1.2,304,31.2,-58.8,-7.315,-58.8,0.33,0.22,-0.3,-58.8
ALL,mean_reversion,3.0,1.5,atr,1.5,83,39.8,-17.02,-2.825,-17.02,0.59,0.26,-0.3,-17.02
ALL,mean_reversion,3.0,1.5,pdh,1.2,83,36.1,-15.67,-2.757,-15.67,0.66,0.29,-0.25,-15.67
ALL,mean_reversion,2.5,2.5,pdh,1.2,304,30.6,-58.63,-7.126,-58.63,0.35,0.24,-0.31,-58.63
ALL,mean_reversion,2.5,2.5,atr,1.5,297,34.3,-57.73,-6.479,-57.73,0.39,0.26,-0.35,-57.73
ALL,mean_reversion,3.0,1.5,pdh,1.5,82,42.7,-13.79,-2.161,-14.39,0.82,0.32,-0.29,-13.79
ALL,mean_reversion,2.5,2.5,pdh,1.5,296,32.8,-59.53,-6.443,-59.56,0.37,0.27,-0.36,-59.53
ALL,mean_reversion,3.0,2.0,atr,1.2,83,36.1,-16.97,-3.042,-16.97,0.54,0.24,-0.25,-16.97
ALL,mean_reversion,3.0,2.0,atr,1.5,83,39.8,-17.02,-2.825,-17.02,0.59,0.26,-0.3,-17.02
ALL,mean_reversion,3.0,2.0,pdh,1.2,83,36.1,-15.67,-2.757,-15.67,0.66,0.29,-0.25,-15.67
ALL,mean_reversion,3.0,2.5,atr,1.2,83,36.1,-16.97,-3.042,-16.97,0.54,0.24,-0.25,-16.97
ALL,mean_reversion,3.0,2.5,atr,1.5,83,39.8,-17.02,-2.825,-17.02,0.59,0.26,-0.3,-17.02
ALL,mean_reversion,3.0,2.0,pdh,1.5,82,42.7,-13.79,-2.161,-14.39,0.82,0.32,-0.29,-13.79
ALL,mean_reversion,3.0,2.5,pdh,1.2,83,36.1,-15.67,-2.757,-15.67,0.66,0.29,-0.25,-15.67
ALL,mean_reversion,3.0,2.5,pdh,1.5,82,42.7,-13.79,-2.161,-14.39,0.82,0.32,-0.29,-13.79
ALL,mean_reversion,3.5,1.5,atr,1.2,19,26.3,-4.41,-1.639,-4.87,0.43,0.25,-0.21,-4.41
ALL,mean_reversion,3.5,1.5,atr,1.5,19,26.3,-5.35,-1.774,-5.81,0.35,0.28,-0.29,-5.35
ALL,mean_reversion,3.5,1.5,pdh,1.2,19,26.3,-4.32,-1.616,-4.78,0.45,0.25,-0.2,-4.32
ALL,mean_reversion,3.5,2.0,atr,1.2,19,26.3,-4.41,-1.639,-4.87,0.43,0.25,-0.21,-4.41
ALL,mean_reversion,3.5,1.5,pdh,1.5,19,26.3,-5.19,-1.685,-5.65,0.36,0.28,-0.28,-5.19
ALL,mean_reversion,3.5,2.0,atr,1.5,19,26.3,-5.35,-1.774,-5.81,0.35,0.28,-0.29,-5.35
ALL,mean_reversion,3.5,2.0,pdh,1.2,19,26.3,-4.32,-1.616,-4.78,0.45,0.25,-0.2,-4.32
ALL,mean_reversion,3.5,2.0,pdh,1.5,19,26.3,-5.19,-1.685,-5.65,0.36,0.28,-0.28,-5.19
ALL,mean_reversion,3.5,2.5,atr,1.2,19,26.3,-4.41,-1.639,-4.87,0.43,0.25,-0.21,-4.41
ALL,mean_reversion,3.5,2.5,atr,1.5,19,26.3,-5.35,-1.774,-5.81,0.35,0.28,-0.29,-5.35
ALL,mean_reversion,3.5,2.5,pdh,1.2,19,26.3,-4.32,-1.616,-4.78,0.45,0.25,-0.2,-4.32
ALL,mean_reversion,3.5,2.5,pdh,1.5,19,26.3,-5.19,-1.685,-5.65,0.36,0.28,-0.28,-5.19
ALL,cross,2.5,1.5,atr,1.2,127,29.9,-31.12,-5.747,-31.12,0.22,0.14,-0.26,-31.12
ALL,cross,2.5,1.5,atr,1.5,127,32.3,-31.69,-5.58,-31.69,0.22,0.13,-0.28,-31.69
ALL,cross,2.5,1.5,pdh,1.2,127,26.8,-31.55,-5.85,-31.55,0.21,0.15,-0.26,-31.55
ALL,cross,2.5,1.5,pdh,1.5,127,26.8,-31.63,-5.541,-31.63,0.22,0.16,-0.26,-31.63
ALL,cross,2.5,2.0,atr,1.2,127,29.9,-31.12,-5.747,-31.12,0.22,0.14,-0.26,-31.12
ALL,cross,2.5,2.0,atr,1.5,127,32.3,-31.69,-5.58,-31.69,0.22,0.13,-0.28,-31.69
ALL,cross,2.5,2.0,pdh,1.2,127,26.8,-31.55,-5.85,-31.55,0.21,0.15,-0.26,-31.55
ALL,cross,2.5,2.0,pdh,1.5,127,26.8,-31.63,-5.541,-31.63,0.22,0.16,-0.26,-31.63
ALL,cross,2.5,2.5,atr,1.2,127,29.9,-31.12,-5.747,-31.12,0.22,0.14,-0.26,-31.12
ALL,cross,2.5,2.5,pdh,1.2,127,26.8,-31.55,-5.85,-31.55,0.21,0.15,-0.26,-31.55
ALL,cross,2.5,2.5,atr,1.5,127,32.3,-31.69,-5.58,-31.69,0.22,0.13,-0.28,-31.69
ALL,cross,2.5,2.5,pdh,1.5,127,26.8,-31.63,-5.541,-31.63,0.22,0.16,-0.26,-31.63
ALL,cross,3.0,1.5,atr,1.2,127,29.9,-31.12,-5.747,-31.12,0.22,0.14,-0.26,-31.12
ALL,cross,3.0,1.5,atr,1.5,127,32.3,-31.69,-5.58,-31.69,0.22,0.13,-0.28,-31.69
ALL,cross,3.0,1.5,pdh,1.2,127,26.8,-31.55,-5.85,-31.55,0.21,0.15,-0.26,-31.55
ALL,cross,3.0,1.5,pdh,1.5,127,26.8,-31.63,-5.541,-31.63,0.22,0.16,-0.26,-31.63
ALL,cross,3.0,2.0,atr,1.2,127,29.9,-31.12,-5.747,-31.12,0.22,0.14,-0.26,-31.12
ALL,cross,3.0,2.0,pdh,1.2,127,26.8,-31.55,-5.85,-31.55,0.21,0.15,-0.26,-31.55
ALL,cross,3.0,2.0,atr,1.5,127,32.3,-31.69,-5.58,-31.69,0.22,0.13,-0.28,-31.69
ALL,cross,3.0,2.0,pdh,1.5,127,26.8,-31.63,-5.541,-31.63,0.22,0.16,-0.26,-31.63
ALL,cross,3.0,2.5,atr,1.2,127,29.9,-31.12,-5.747,-31.12,0.22,0.14,-0.26,-31.12
ALL,cross,3.0,2.5,pdh,1.2,127,26.8,-31.55,-5.85,-31.55,0.21,0.15,-0.26,-31.55
ALL,cross,3.0,2.5,atr,1.5,127,32.3,-31.69,-5.58,-31.69,0.22,0.13,-0.28,-31.69
ALL,cross,3.0,2.5,pdh,1.5,127,26.8,-31.63,-5.541,-31.63,0.22,0.16,-0.26,-31.63
ALL,cross,3.5,1.5,atr,1.2,127,29.9,-31.12,-5.747,-31.12,0.22,0.14,-0.26,-31.12
ALL,cross,3.5,1.5,pdh,1.2,127,26.8,-31.55,-5.85,-31.55,0.21,0.15,-0.26,-31.55
ALL,cross,3.5,1.5,atr,1.5,127,32.3,-31.69,-5.58,-31.69,0.22,0.13,-0.28,-31.69
ALL,cross,3.5,1.5,pdh,1.5,127,26.8,-31.63,-5.541,-31.63,0.22,0.16,-0.26,-31.63
ALL,cross,3.5,2.0,atr,1.2,127,29.9,-31.12,-5.747,-31.12,0.22,0.14,-0.26,-31.12
ALL,cross,3.5,2.0,pdh,1.2,127,26.8,-31.55,-5.85,-31.55,0.21,0.15,-0.26,-31.55
ALL,cross,3.5,2.0,atr,1.5,127,32.3,-31.69,-5.58,-31.69,0.22,0.13,-0.28,-31.69
ALL,cross,3.5,2.0,pdh,1.5,127,26.8,-31.63,-5.541,-31.63,0.22,0.16,-0.26,-31.63
ALL,cross,3.5,2.5,atr,1.2,127,29.9,-31.12,-5.747,-31.12,0.22,0.14,-0.26,-31.12
ALL,cross,3.5,2.5,pdh,1.2,127,26.8,-31.55,-5.85,-31.55,0.21,0.15,-0.26,-31.55
ALL,cross,3.5,2.5,atr,1.5,127,32.3,-31.69,-5.58,-31.69,0.22,0.13,-0.28,-31.69
ALL,cross,3.5,2.5,pdh,1.5,127,26.8,-31.63,-5.541,-31.63,0.22,0.16,-0.26,-31.63
