Config,Year,Timeframe,Trades,WR%,PF,Net%,Sharpe,MaxDD%
"Config 1: pt=0.020, vm=1.5, rsi=20.0",2018,4h,6,33.3,0.139,-22.75,-0.535,-37.3
"Config 1: pt=0.020, vm=1.5, rsi=20.0",2019,4h,7,71.4,2.56,14.64,1.064,-10.22
"Config 1: pt=0.020, vm=1.5, rsi=20.0",2020,4h,11,90.9,12.98,44.96,2.313,-7.78
"Config 1: pt=0.020, vm=1.5, rsi=20.0",2021,4h,4,50.0,0.28,-14.42,-0.258,-25.36
"Config 1: pt=0.020, vm=1.5, rsi=20.0",2022,4h,4,0.0,0.0,-19.67,-0.852,-31.72
"Config 1: pt=0.020, vm=1.5, rsi=20.0",2023,4h,9,77.8,2.156,8.79,0.924,-9.13
"Config 1: pt=0.020, vm=1.5, rsi=20.0",2024,4h,9,55.6,1.379,1.39,0.21,-9.25
"Config 2: pt=0.020, vm=1.5, rsi=25.0",2018,4h,7,28.6,0.188,-16.24,-1.146,-20.28
"Config 2: pt=0.020, vm=1.5, rsi=25.0",2019,4h,9,66.7,2.411,16.77,1.159,-12.78
"Config 2: pt=0.020, vm=1.5, rsi=25.0",2020,4h,11,90.9,12.98,44.96,2.313,-7.78
"Config 2: pt=0.020, vm=1.5, rsi=25.0",2021,4h,4,50.0,0.28,-14.42,-0.258,-25.36
"Config 2: pt=0.020, vm=1.5, rsi=25.0",2022,4h,5,20.0,0.369,-13.73,-0.507,-30.44
"Config 2: pt=0.020, vm=1.5, rsi=25.0",2023,4h,9,77.8,2.156,8.79,0.924,-9.13
"Config 2: pt=0.020, vm=1.5, rsi=25.0",2024,4h,11,54.5,1.231,0.4,0.089,-9.25
"Config 3: pt=0.030, vm=1.5, rsi=20.0",2018,4h,5,20.0,0.104,-23.36,-0.563,-34.84
"Config 3: pt=0.030, vm=1.5, rsi=20.0",2019,4h,7,71.4,2.56,14.64,1.064,-10.22
"Config 3: pt=0.030, vm=1.5, rsi=20.0",2020,4h,11,90.9,12.98,44.96,2.313,-7.78
"Config 3: pt=0.030, vm=1.5, rsi=20.0",2021,4h,4,50.0,0.28,-14.42,-0.258,-25.36
"Config 3: pt=0.030, vm=1.5, rsi=20.0",2022,4h,3,0.0,0.0,-19.4,-0.86,-29.01
"Config 3: pt=0.030, vm=1.5, rsi=20.0",2023,4h,6,100.0,inf,18.89,2.3,-1.47
"Config 3: pt=0.030, vm=1.5, rsi=20.0",2024,4h,7,71.4,1.701,3.29,0.45,-8.18
"Config 4: pt=0.030, vm=1.5, rsi=25.0",2018,4h,6,16.7,0.14,-16.89,-1.258,-17.15
"Config 4: pt=0.030, vm=1.5, rsi=25.0",2019,4h,8,62.5,2.024,11.38,0.843,-12.78
"Config 4: pt=0.030, vm=1.5, rsi=25.0",2020,4h,11,90.9,12.98,44.96,2.313,-7.78
"Config 4: pt=0.030, vm=1.5, rsi=25.0",2021,4h,4,50.0,0.28,-14.42,-0.258,-25.36
"Config 4: pt=0.030, vm=1.5, rsi=25.0",2022,4h,4,25.0,0.372,-13.43,-0.507,-30.44
"Config 4: pt=0.030, vm=1.5, rsi=25.0",2023,4h,6,100.0,inf,18.89,2.3,-1.47
"Config 4: pt=0.030, vm=1.5, rsi=25.0",2024,4h,8,75.0,1.98,5.04,0.652,-8.18
"Config 5: pt=0.020, vm=2.0, rsi=25.0",2018,4h,2,0.0,0.0,-12.12,-1.513,-12.12
"Config 5: pt=0.020, vm=2.0, rsi=25.0",2019,4h,3,100.0,inf,21.71,1.848,-3.14
"Config 5: pt=0.020, vm=2.0, rsi=25.0",2020,4h,7,85.7,9.073,28.29,1.698,-7.78
"Config 5: pt=0.020, vm=2.0, rsi=25.0",2021,4h,1,0.0,0.0,-15.29,-0.295,-24.59
"Config 5: pt=0.020, vm=2.0, rsi=25.0",2022,4h,3,0.0,0.0,-14.18,-0.581,-27.06
"Config 5: pt=0.020, vm=2.0, rsi=25.0",2023,4h,8,75.0,2.252,9.86,0.797,-11.19
"Config 5: pt=0.020, vm=2.0, rsi=25.0",2024,4h,3,33.3,0.374,-4.75,-1.005,-7.03
