Year,Filter,Trades,WR%,PF,Net%,Sharpe,MaxDD%
2018,no_filter,2,0.0,0.0,-20.87,-0.515,-32.52
2018,enhanced,0,0.0,0.0,0.0,0.0,0.0
2019,no_filter,3,100.0,inf,21.71,1.848,-3.14
2019,enhanced,2,100.0,inf,13.81,1.519,-0.15
2020,no_filter,7,85.7,9.073,28.29,1.698,-7.78
2020,enhanced,6,83.3,6.337,17.73,1.393,-5.2
2021,no_filter,1,0.0,0.0,-15.29,-0.295,-24.59
2021,enhanced,0,0.0,0.0,0.0,0.0,0.0
2022,no_filter,2,0.0,0.0,-13.89,-0.583,-25.67
2022,enhanced,0,0.0,0.0,0.0,0.0,0.0
2023,no_filter,6,100.0,inf,20.72,1.696,-5.59
2023,enhanced,6,100.0,inf,20.72,1.696,-5.59
2024,no_filter,2,50.0,0.376,-4.57,-0.966,-6.86
2024,enhanced,2,50.0,0.376,-4.57,-0.966,-6.86
