Config,Year,Trades,WR%,PF,Net%,Sharpe,MaxDD%
"Config 1: pt=0.02, vm=1.5, rsi=20.0",2018,1,0.0,0.0,-13.02,-0.967,-13.41
"Config 1: pt=0.02, vm=1.5, rsi=20.0",2019,3,66.7,0.353,-13.87,-0.653,-19.1
"Config 1: pt=0.02, vm=1.5, rsi=20.0",2020,2,100.0,inf,5.88,1.472,-0.93
"Config 1: pt=0.02, vm=1.5, rsi=20.0",2021,0,0.0,0.0,0.0,0.0,0.0
"Config 1: pt=0.02, vm=1.5, rsi=20.0",2022,1,100.0,inf,1.71,0.918,-0.15
"Config 1: pt=0.02, vm=1.5, rsi=20.0",2023,2,100.0,inf,4.78,0.466,-5.59
"Config 1: pt=0.02, vm=1.5, rsi=20.0",2024,2,100.0,inf,26.72,2.194,-4.07
"Config 2: pt=0.02, vm=1.5, rsi=25.0",2018,1,0.0,0.0,-13.02,-0.967,-13.41
"Config 2: pt=0.02, vm=1.5, rsi=25.0",2019,3,66.7,0.353,-13.87,-0.653,-19.1
"Config 2: pt=0.02, vm=1.5, rsi=25.0",2020,2,100.0,inf,5.88,1.472,-0.93
"Config 2: pt=0.02, vm=1.5, rsi=25.0",2021,0,0.0,0.0,0.0,0.0,0.0
"Config 2: pt=0.02, vm=1.5, rsi=25.0",2022,1,100.0,inf,1.71,0.918,-0.15
"Config 2: pt=0.02, vm=1.5, rsi=25.0",2023,2,100.0,inf,4.78,0.466,-5.59
"Config 2: pt=0.02, vm=1.5, rsi=25.0",2024,2,100.0,inf,26.72,2.194,-4.07
"Config 3: pt=0.03, vm=1.5, rsi=20.0",2018,1,0.0,0.0,-13.02,-0.967,-13.41
"Config 3: pt=0.03, vm=1.5, rsi=20.0",2019,3,66.7,0.353,-13.87,-0.653,-19.1
"Config 3: pt=0.03, vm=1.5, rsi=20.0",2020,2,100.0,inf,5.88,1.472,-0.93
"Config 3: pt=0.03, vm=1.5, rsi=20.0",2021,0,0.0,0.0,0.0,0.0,0.0
"Config 3: pt=0.03, vm=1.5, rsi=20.0",2022,1,100.0,inf,1.71,0.918,-0.15
"Config 3: pt=0.03, vm=1.5, rsi=20.0",2023,2,100.0,inf,4.78,0.466,-5.59
"Config 3: pt=0.03, vm=1.5, rsi=20.0",2024,2,100.0,inf,26.72,2.194,-4.07
"Config 4: pt=0.03, vm=1.5, rsi=25.0",2018,1,0.0,0.0,-13.02,-0.967,-13.41
"Config 4: pt=0.03, vm=1.5, rsi=25.0",2019,3,66.7,0.353,-13.87,-0.653,-19.1
"Config 4: pt=0.03, vm=1.5, rsi=25.0",2020,2,100.0,inf,5.88,1.472,-0.93
"Config 4: pt=0.03, vm=1.5, rsi=25.0",2021,0,0.0,0.0,0.0,0.0,0.0
"Config 4: pt=0.03, vm=1.5, rsi=25.0",2022,1,100.0,inf,1.71,0.918,-0.15
"Config 4: pt=0.03, vm=1.5, rsi=25.0",2023,2,100.0,inf,4.78,0.466,-5.59
"Config 4: pt=0.03, vm=1.5, rsi=25.0",2024,2,100.0,inf,26.72,2.194,-4.07
"Config 5: pt=0.02, vm=2.0, rsi=25.0",2018,0,0.0,0.0,0.0,0.0,0.0
"Config 5: pt=0.02, vm=2.0, rsi=25.0",2019,2,50.0,0.079,-18.01,-0.93,-19.1
"Config 5: pt=0.02, vm=2.0, rsi=25.0",2020,2,100.0,inf,5.88,1.472,-0.93
"Config 5: pt=0.02, vm=2.0, rsi=25.0",2021,0,0.0,0.0,0.0,0.0,0.0
"Config 5: pt=0.02, vm=2.0, rsi=25.0",2022,1,100.0,inf,1.71,0.918,-0.15
"Config 5: pt=0.02, vm=2.0, rsi=25.0",2023,1,100.0,inf,2.27,0.937,-0.15
"Config 5: pt=0.02, vm=2.0, rsi=25.0",2024,2,100.0,inf,26.72,2.194,-4.07
