RRR_TARGET,PRICE_THRESHOLD,VOLUME_MULT,MIN_CONSECUTIVE_MOVES,Trades,WR%,PF,Net%,Sharpe,MaxDD%
2.0,0.015,1.0,2,39,71.8,1.431,24.68,0.247,-29.5
2.0,0.015,1.0,3,27,77.8,1.824,32.81,0.356,-19.1
2.0,0.015,1.0,4,21,81.0,1.761,21.81,0.287,-15.45
2.0,0.015,1.5,2,17,76.5,1.012,-8.77,-0.009,-29.5
2.0,0.015,1.5,3,13,84.6,1.755,15.65,0.235,-18.9
2.0,0.015,1.5,4,10,80.0,1.149,-0.59,0.037,-24.41
2.0,0.015,2.0,2,11,72.7,0.989,-7.27,-0.017,-29.56
2.0,0.015,2.0,3,9,88.9,2.741,22.01,0.367,-13.86
2.0,0.015,2.0,4,7,85.7,1.914,9.73,0.222,-13.86
2.0,0.02,1.0,2,39,71.8,1.431,24.68,0.247,-29.5
2.0,0.02,1.0,3,27,77.8,1.824,32.81,0.356,-19.1
2.0,0.02,1.0,4,21,81.0,1.761,21.81,0.287,-15.45
2.0,0.02,1.5,2,17,76.5,1.012,-8.77,-0.009,-29.5
2.0,0.02,1.5,3,13,84.6,1.755,15.65,0.235,-18.9
2.0,0.02,1.5,4,10,80.0,1.149,-0.59,0.037,-24.41
2.0,0.02,2.0,2,11,72.7,0.989,-7.27,-0.017,-29.56
2.0,0.02,2.0,3,9,88.9,2.741,22.01,0.367,-13.86
2.0,0.02,2.0,4,7,85.7,1.914,9.73,0.222,-13.86
2.0,0.025,1.0,2,38,71.1,1.363,17.57,0.205,-29.5
2.0,0.025,1.0,3,27,77.8,1.824,32.81,0.356,-19.1
2.0,0.025,1.0,4,21,81.0,1.761,21.81,0.287,-15.45
2.0,0.025,1.5,2,17,76.5,1.012,-8.77,-0.009,-29.5
2.0,0.025,1.5,3,13,84.6,1.755,15.65,0.235,-18.9
2.0,0.025,1.5,4,10,80.0,1.149,-0.59,0.037,-24.41
2.0,0.025,2.0,2,11,72.7,0.989,-7.27,-0.017,-29.56
2.0,0.025,2.0,3,9,88.9,2.741,22.01,0.367,-13.86
2.0,0.025,2.0,4,7,85.7,1.914,9.73,0.222,-13.86
2.0,0.03,1.0,2,37,70.3,1.326,13.91,0.182,-29.5
2.0,0.03,1.0,3,26,76.9,1.75,28.68,0.325,-19.1
2.0,0.03,1.0,4,20,80.0,1.667,18.03,0.251,-15.45
2.0,0.03,1.5,2,17,76.5,1.012,-8.77,-0.009,-29.5
2.0,0.03,1.5,3,13,84.6,1.755,15.65,0.235,-18.9
2.0,0.03,1.5,4,10,80.0,1.149,-0.59,0.037,-24.41
2.0,0.03,2.0,2,11,72.7,0.989,-7.27,-0.017,-29.56
2.0,0.03,2.0,3,9,88.9,2.741,22.01,0.367,-13.86
2.0,0.03,2.0,4,7,85.7,1.914,9.73,0.222,-13.86
2.5,0.015,1.0,2,39,76.9,1.83,65.53,0.428,-29.92
2.5,0.015,1.0,3,27,81.5,2.11,48.28,0.455,-20.63
2.5,0.015,1.0,4,21,85.7,2.244,38.64,0.422,-15.45
2.5,0.015,1.5,2,17,82.4,1.313,5.8,0.124,-29.5
2.5,0.015,1.5,3,13,84.6,1.712,14.51,0.222,-18.9
2.5,0.015,1.5,4,10,80.0,1.107,-1.57,0.023,-24.41
2.5,0.015,2.0,2,11,72.7,0.959,-8.18,-0.027,-29.56
2.5,0.015,2.0,3,9,88.9,2.658,20.81,0.349,-13.86
2.5,0.015,2.0,4,7,85.7,1.832,8.65,0.201,-13.86
2.5,0.02,1.0,2,39,76.9,1.83,65.53,0.428,-29.92
2.5,0.02,1.0,3,27,81.5,2.11,48.28,0.455,-20.63
2.5,0.02,1.0,4,21,85.7,2.244,38.64,0.422,-15.45
2.5,0.02,1.5,2,17,82.4,1.313,5.8,0.124,-29.5
2.5,0.02,1.5,3,13,84.6,1.712,14.51,0.222,-18.9
2.5,0.02,1.5,4,10,80.0,1.107,-1.57,0.023,-24.41
2.5,0.02,2.0,2,11,72.7,0.959,-8.18,-0.027,-29.56
2.5,0.02,2.0,3,9,88.9,2.658,20.81,0.349,-13.86
2.5,0.02,2.0,4,7,85.7,1.832,8.65,0.201,-13.86
2.5,0.025,1.0,2,38,78.9,1.913,71.92,0.457,-29.5
2.5,0.025,1.0,3,27,81.5,2.11,48.28,0.455,-20.63
2.5,0.025,1.0,4,21,85.7,2.244,38.64,0.422,-15.45
2.5,0.025,1.5,2,17,82.4,1.313,5.8,0.124,-29.5
2.5,0.025,1.5,3,13,84.6,1.712,14.51,0.222,-18.9
2.5,0.025,1.5,4,10,80.0,1.107,-1.57,0.023,-24.41
2.5,0.025,2.0,2,11,72.7,0.959,-8.18,-0.027,-29.56
2.5,0.025,2.0,3,9,88.9,2.658,20.81,0.349,-13.86
2.5,0.025,2.0,4,7,85.7,1.832,8.65,0.201,-13.86
2.5,0.03,1.0,2,37,78.4,1.87,66.58,0.437,-29.5
2.5,0.03,1.0,3,26,80.8,2.034,43.68,0.425,-20.63
2.5,0.03,1.0,4,20,85.0,2.141,34.34,0.388,-15.45
2.5,0.03,1.5,2,17,82.4,1.313,5.8,0.124,-29.5
2.5,0.03,1.5,3,13,84.6,1.712,14.51,0.222,-18.9
2.5,0.03,1.5,4,10,80.0,1.107,-1.57,0.023,-24.41
2.5,0.03,2.0,2,11,72.7,0.959,-8.18,-0.027,-29.56
2.5,0.03,2.0,3,9,88.9,2.658,20.81,0.349,-13.86
2.5,0.03,2.0,4,7,85.7,1.832,8.65,0.201,-13.86
3.0,0.015,1.0,2,39,74.4,1.485,30.03,0.264,-36.62
3.0,0.015,1.0,3,27,81.5,1.958,45.17,0.41,-26.95
3.0,0.015,1.0,4,21,85.7,2.116,38.29,0.392,-20.71
3.0,0.015,1.5,2,17,82.4,1.316,5.53,0.123,-29.5
3.0,0.015,1.5,3,13,84.6,1.649,14.22,0.206,-23.95
3.0,0.015,1.5,4,10,80.0,1.146,-1.82,0.03,-29.12
3.0,0.015,2.0,2,11,72.7,1.006,-8.41,-0.018,-33.94
3.0,0.015,2.0,3,9,88.9,2.284,20.5,0.301,-19.22
3.0,0.015,2.0,4,7,85.7,1.692,8.37,0.167,-19.22
3.0,0.02,1.0,2,39,74.4,1.485,30.03,0.264,-36.62
3.0,0.02,1.0,3,27,81.5,1.958,45.17,0.41,-26.95
3.0,0.02,1.0,4,21,85.7,2.116,38.29,0.392,-20.71
3.0,0.02,1.5,2,17,82.4,1.316,5.53,0.123,-29.5
3.0,0.02,1.5,3,13,84.6,1.649,14.22,0.206,-23.95
3.0,0.02,1.5,4,10,80.0,1.146,-1.82,0.03,-29.12
3.0,0.02,2.0,2,11,72.7,1.006,-8.41,-0.018,-33.94
3.0,0.02,2.0,3,9,88.9,2.284,20.5,0.301,-19.22
3.0,0.02,2.0,4,7,85.7,1.692,8.37,0.167,-19.22
3.0,0.025,1.0,2,38,76.3,1.544,35.05,0.289,-36.24
3.0,0.025,1.0,3,27,81.5,1.958,45.17,0.41,-26.95
3.0,0.025,1.0,4,21,85.7,2.116,38.29,0.392,-20.71
3.0,0.025,1.5,2,17,82.4,1.316,5.53,0.123,-29.5
3.0,0.025,1.5,3,13,84.6,1.649,14.22,0.206,-23.95
3.0,0.025,1.5,4,10,80.0,1.146,-1.82,0.03,-29.12
3.0,0.025,2.0,2,11,72.7,1.006,-8.41,-0.018,-33.94
3.0,0.025,2.0,3,9,88.9,2.284,20.5,0.301,-19.22
3.0,0.025,2.0,4,7,85.7,1.692,8.37,0.167,-19.22
3.0,0.03,1.0,2,37,75.7,1.506,30.86,0.269,-38.22
3.0,0.03,1.0,3,26,80.8,1.893,40.66,0.383,-26.95
3.0,0.03,1.0,4,20,85.0,2.028,33.99,0.361,-20.71
3.0,0.03,1.5,2,17,82.4,1.316,5.53,0.123,-29.5
3.0,0.03,1.5,3,13,84.6,1.649,14.22,0.206,-23.95
3.0,0.03,1.5,4,10,80.0,1.146,-1.82,0.03,-29.12
3.0,0.03,2.0,2,11,72.7,1.006,-8.41,-0.018,-33.94
3.0,0.03,2.0,3,9,88.9,2.284,20.5,0.301,-19.22
3.0,0.03,2.0,4,7,85.7,1.692,8.37,0.167,-19.22
3.5,0.015,1.0,2,39,74.4,1.223,2.8,0.128,-36.62
3.5,0.015,1.0,3,27,81.5,1.461,17.27,0.204,-35.1
3.5,0.015,1.0,4,21,85.7,1.45,11.71,0.168,-29.56
3.5,0.015,1.5,2,17,82.4,1.09,-8.14,0.035,-32.02
3.5,0.015,1.5,3,13,84.6,1.225,-0.58,0.069,-32.43
3.5,0.015,1.5,4,10,80.0,0.833,-14.54,-0.076,-37.02
3.5,0.015,2.0,2,11,72.7,0.785,-20.28,-0.099,-41.31
3.5,0.015,2.0,3,9,88.9,1.46,4.89,0.112,-28.23
3.5,0.015,2.0,4,7,85.7,1.059,-5.67,0.001,-28.23
3.5,0.02,1.0,2,39,74.4,1.223,2.8,0.128,-36.62
3.5,0.02,1.0,3,27,81.5,1.461,17.27,0.204,-35.1
3.5,0.02,1.0,4,21,85.7,1.45,11.71,0.168,-29.56
3.5,0.02,1.5,2,17,82.4,1.09,-8.14,0.035,-32.02
3.5,0.02,1.5,3,13,84.6,1.225,-0.58,0.069,-32.43
3.5,0.02,1.5,4,10,80.0,0.833,-14.54,-0.076,-37.02
3.5,0.02,2.0,2,11,72.7,0.785,-20.28,-0.099,-41.31
3.5,0.02,2.0,3,9,88.9,1.46,4.89,0.112,-28.23
3.5,0.02,2.0,4,7,85.7,1.059,-5.67,0.001,-28.23
3.5,0.025,1.0,2,38,76.3,1.264,6.77,0.148,-36.24
3.5,0.025,1.0,3,27,81.5,1.461,17.27,0.204,-35.1
3.5,0.025,1.0,4,21,85.7,1.45,11.71,0.168,-29.56
3.5,0.025,1.5,2,17,82.4,1.09,-8.14,0.035,-32.02
3.5,0.025,1.5,3,13,84.6,1.225,-0.58,0.069,-32.43
3.5,0.025,1.5,4,10,80.0,0.833,-14.54,-0.076,-37.02
3.5,0.025,2.0,2,11,72.7,0.785,-20.28,-0.099,-41.31
3.5,0.025,2.0,3,9,88.9,1.46,4.89,0.112,-28.23
3.5,0.025,2.0,4,7,85.7,1.059,-5.67,0.001,-28.23
3.5,0.03,1.0,2,37,75.7,1.233,3.46,0.13,-38.22
3.5,0.03,1.0,3,26,80.8,1.411,13.63,0.181,-35.1
3.5,0.03,1.0,4,20,85.0,1.387,8.24,0.143,-29.56
3.5,0.03,1.5,2,17,82.4,1.09,-8.14,0.035,-32.02
3.5,0.03,1.5,3,13,84.6,1.225,-0.58,0.069,-32.43
3.5,0.03,1.5,4,10,80.0,0.833,-14.54,-0.076,-37.02
3.5,0.03,2.0,2,11,72.7,0.785,-20.28,-0.099,-41.31
3.5,0.03,2.0,3,9,88.9,1.46,4.89,0.112,-28.23
3.5,0.03,2.0,4,7,85.7,1.059,-5.67,0.001,-28.23
4.0,0.015,1.0,2,39,71.8,0.884,-33.51,-0.075,-45.87
4.0,0.015,1.0,3,27,77.8,0.906,-23.54,-0.064,-47.68
4.0,0.015,1.0,4,21,81.0,0.916,-18.71,-0.044,-36.62
4.0,0.015,1.5,2,17,76.5,0.682,-33.15,-0.132,-38.84
4.0,0.015,1.5,3,13,76.9,0.612,-27.65,-0.136,-39.21
4.0,0.015,1.5,4,10,70.0,0.309,-37.81,-0.259,-43.34
4.0,0.015,2.0,2,11,63.6,0.361,-41.98,-0.262,-50.94
4.0,0.015,2.0,3,9,77.8,0.579,-23.67,-0.119,-35.43
4.0,0.015,2.0,4,7,71.4,0.298,-31.35,-0.213,-35.43
4.0,0.02,1.0,2,39,71.8,0.884,-33.51,-0.075,-45.87
4.0,0.02,1.0,3,27,77.8,0.906,-23.54,-0.064,-47.68
4.0,0.02,1.0,4,21,81.0,0.916,-18.71,-0.044,-36.62
4.0,0.02,1.5,2,17,76.5,0.682,-33.15,-0.132,-38.84
4.0,0.02,1.5,3,13,76.9,0.612,-27.65,-0.136,-39.21
4.0,0.02,1.5,4,10,70.0,0.309,-37.81,-0.259,-43.34
4.0,0.02,2.0,2,11,63.6,0.361,-41.98,-0.262,-50.94
4.0,0.02,2.0,3,9,77.8,0.579,-23.67,-0.119,-35.43
4.0,0.02,2.0,4,7,71.4,0.298,-31.35,-0.213,-35.43
4.0,0.025,1.0,2,38,73.7,0.909,-30.94,-0.059,-45.54
4.0,0.025,1.0,3,27,77.8,0.906,-23.54,-0.064,-47.68
4.0,0.025,1.0,4,21,81.0,0.916,-18.71,-0.044,-36.62
4.0,0.025,1.5,2,17,76.5,0.682,-33.15,-0.132,-38.84
4.0,0.025,1.5,3,13,76.9,0.612,-27.65,-0.136,-39.21
4.0,0.025,1.5,4,10,70.0,0.309,-37.81,-0.259,-43.34
4.0,0.025,2.0,2,11,63.6,0.361,-41.98,-0.262,-50.94
4.0,0.025,2.0,3,9,77.8,0.579,-23.67,-0.119,-35.43
4.0,0.025,2.0,4,7,71.4,0.298,-31.35,-0.213,-35.43
4.0,0.03,1.0,2,37,73.0,0.883,-33.09,-0.075,-47.23
4.0,0.03,1.0,3,26,76.9,0.869,-25.91,-0.085,-47.68
4.0,0.03,1.0,4,20,80.0,0.865,-21.23,-0.065,-36.62
4.0,0.03,1.5,2,17,76.5,0.682,-33.15,-0.132,-38.84
4.0,0.03,1.5,3,13,76.9,0.612,-27.65,-0.136,-39.21
4.0,0.03,1.5,4,10,70.0,0.309,-37.81,-0.259,-43.34
4.0,0.03,2.0,2,11,63.6,0.361,-41.98,-0.262,-50.94
4.0,0.03,2.0,3,9,77.8,0.579,-23.67,-0.119,-35.43
4.0,0.03,2.0,4,7,71.4,0.298,-31.35,-0.213,-35.43
