price_threshold,volume_mult,rsi_threshold,use_nearest_tp,Trades,WR%,PF,Net%,Sharpe,MaxDD%
0.02,1.5,15.0,False,5,80.0,1.446,3.82,0.105,-19.22
0.02,1.5,20.0,False,9,77.8,1.089,-3.43,0.01,-29.12
0.02,1.5,25.0,False,9,77.8,1.089,-3.43,0.01,-29.12
0.02,1.5,30.0,False,10,70.0,0.946,-8.22,-0.055,-29.12
0.02,2.0,15.0,False,4,75.0,1.308,1.34,0.066,-19.22
0.02,2.0,20.0,False,7,85.7,1.692,8.37,0.179,-19.22
0.02,2.0,25.0,False,7,85.7,1.692,8.37,0.179,-19.22
0.02,2.0,30.0,False,7,85.7,1.692,8.37,0.179,-19.22
0.02,3.0,15.0,False,1,0.0,0.0,-19.1,-0.378,-19.1
0.02,3.0,20.0,False,1,0.0,0.0,-19.1,-0.378,-19.1
0.02,3.0,25.0,False,1,0.0,0.0,-19.1,-0.378,-19.1
0.02,3.0,30.0,False,1,0.0,0.0,-19.1,-0.378,-19.1
0.02,5.0,15.0,False,0,0.0,0.0,0.0,0.0,0.0
0.02,5.0,20.0,False,0,0.0,0.0,0.0,0.0,0.0
0.02,5.0,25.0,False,0,0.0,0.0,0.0,0.0,0.0
0.02,5.0,30.0,False,0,0.0,0.0,0.0,0.0,0.0
0.03,1.5,15.0,False,5,80.0,1.446,3.82,0.105,-19.22
0.03,1.5,20.0,False,9,77.8,1.089,-3.43,0.01,-29.12
0.03,1.5,25.0,False,9,77.8,1.089,-3.43,0.01,-29.12
0.03,1.5,30.0,False,10,70.0,0.946,-8.22,-0.055,-29.12
0.03,2.0,15.0,False,4,75.0,1.308,1.34,0.066,-19.22
0.03,2.0,20.0,False,7,85.7,1.692,8.37,0.179,-19.22
0.03,2.0,25.0,False,7,85.7,1.692,8.37,0.179,-19.22
0.03,2.0,30.0,False,7,85.7,1.692,8.37,0.179,-19.22
0.03,3.0,15.0,False,1,0.0,0.0,-19.1,-0.378,-19.1
0.03,3.0,20.0,False,1,0.0,0.0,-19.1,-0.378,-19.1
0.03,3.0,25.0,False,1,0.0,0.0,-19.1,-0.378,-19.1
0.03,3.0,30.0,False,1,0.0,0.0,-19.1,-0.378,-19.1
0.03,5.0,15.0,False,0,0.0,0.0,0.0,0.0,0.0
0.03,5.0,20.0,False,0,0.0,0.0,0.0,0.0,0.0
0.03,5.0,25.0,False,0,0.0,0.0,0.0,0.0,0.0
0.03,5.0,30.0,False,0,0.0,0.0,0.0,0.0,0.0
0.05,1.5,15.0,False,4,75.0,1.308,1.34,0.066,-19.22
0.05,1.5,20.0,False,8,75.0,1.007,-5.74,-0.033,-29.12
0.05,1.5,25.0,False,8,75.0,1.007,-5.74,-0.033,-29.12
0.05,1.5,30.0,False,9,66.7,0.875,-10.42,-0.103,-29.12
0.05,2.0,15.0,False,4,75.0,1.308,1.34,0.066,-19.22
0.05,2.0,20.0,False,7,85.7,1.692,8.37,0.179,-19.22
0.05,2.0,25.0,False,7,85.7,1.692,8.37,0.179,-19.22
0.05,2.0,30.0,False,7,85.7,1.692,8.37,0.179,-19.22
0.05,3.0,15.0,False,1,0.0,0.0,-19.1,-0.378,-19.1
0.05,3.0,20.0,False,1,0.0,0.0,-19.1,-0.378,-19.1
0.05,3.0,25.0,False,1,0.0,0.0,-19.1,-0.378,-19.1
0.05,3.0,30.0,False,1,0.0,0.0,-19.1,-0.378,-19.1
0.05,5.0,15.0,False,0,0.0,0.0,0.0,0.0,0.0
0.05,5.0,20.0,False,0,0.0,0.0,0.0,0.0,0.0
0.05,5.0,25.0,False,0,0.0,0.0,0.0,0.0,0.0
0.05,5.0,30.0,False,0,0.0,0.0,0.0,0.0,0.0
0.08,1.5,15.0,False,4,75.0,1.308,1.34,0.066,-19.22
0.08,1.5,20.0,False,8,75.0,1.007,-5.74,-0.033,-29.12
0.08,1.5,25.0,False,8,75.0,1.007,-5.74,-0.033,-29.12
0.08,1.5,30.0,False,8,75.0,1.007,-5.74,-0.033,-29.12
0.08,2.0,15.0,False,4,75.0,1.308,1.34,0.066,-19.22
0.08,2.0,20.0,False,7,85.7,1.692,8.37,0.179,-19.22
0.08,2.0,25.0,False,7,85.7,1.692,8.37,0.179,-19.22
0.08,2.0,30.0,False,7,85.7,1.692,8.37,0.179,-19.22
0.08,3.0,15.0,False,1,0.0,0.0,-19.1,-0.378,-19.1
0.08,3.0,20.0,False,1,0.0,0.0,-19.1,-0.378,-19.1
0.08,3.0,25.0,False,1,0.0,0.0,-19.1,-0.378,-19.1
0.08,3.0,30.0,False,1,0.0,0.0,-19.1,-0.378,-19.1
0.08,5.0,15.0,False,0,0.0,0.0,0.0,0.0,0.0
0.08,5.0,20.0,False,0,0.0,0.0,0.0,0.0,0.0
0.08,5.0,25.0,False,0,0.0,0.0,0.0,0.0,0.0
0.08,5.0,30.0,False,0,0.0,0.0,0.0,0.0,0.0
0.1,1.5,15.0,False,3,66.7,0.244,-15.56,-0.285,-19.22
0.1,1.5,20.0,False,7,71.4,0.374,-21.46,-0.332,-29.12
0.1,1.5,25.0,False,7,71.4,0.374,-21.46,-0.332,-29.12
0.1,1.5,30.0,False,7,71.4,0.374,-21.46,-0.332,-29.12
0.1,2.0,15.0,False,3,66.7,0.244,-15.56,-0.285,-19.22
0.1,2.0,20.0,False,6,83.3,0.628,-9.7,-0.154,-19.22
0.1,2.0,25.0,False,6,83.3,0.628,-9.7,-0.154,-19.22
0.1,2.0,30.0,False,6,83.3,0.628,-9.7,-0.154,-19.22
0.1,3.0,15.0,False,1,0.0,0.0,-19.1,-0.378,-19.1
0.1,3.0,20.0,False,1,0.0,0.0,-19.1,-0.378,-19.1
0.1,3.0,25.0,False,1,0.0,0.0,-19.1,-0.378,-19.1
0.1,3.0,30.0,False,1,0.0,0.0,-19.1,-0.378,-19.1
0.1,5.0,15.0,False,0,0.0,0.0,0.0,0.0,0.0
0.1,5.0,20.0,False,0,0.0,0.0,0.0,0.0,0.0
0.1,5.0,25.0,False,0,0.0,0.0,0.0,0.0,0.0
0.1,5.0,30.0,False,0,0.0,0.0,0.0,0.0,0.0
0.15,1.5,15.0,False,2,50.0,0.15,-16.92,-0.319,-19.29
0.15,1.5,20.0,False,5,80.0,0.533,-11.15,-0.187,-19.22
0.15,1.5,25.0,False,5,80.0,0.533,-11.15,-0.187,-19.22
0.15,1.5,30.0,False,5,80.0,0.533,-11.15,-0.187,-19.22
0.15,2.0,15.0,False,2,50.0,0.15,-16.92,-0.319,-19.29
0.15,2.0,20.0,False,5,80.0,0.533,-11.15,-0.187,-19.22
0.15,2.0,25.0,False,5,80.0,0.533,-11.15,-0.187,-19.22
0.15,2.0,30.0,False,5,80.0,0.533,-11.15,-0.187,-19.22
0.15,3.0,15.0,False,1,0.0,0.0,-19.1,-0.378,-19.1
0.15,3.0,20.0,False,1,0.0,0.0,-19.1,-0.378,-19.1
0.15,3.0,25.0,False,1,0.0,0.0,-19.1,-0.378,-19.1
0.15,3.0,30.0,False,1,0.0,0.0,-19.1,-0.378,-19.1
0.15,5.0,15.0,False,0,0.0,0.0,0.0,0.0,0.0
0.15,5.0,20.0,False,0,0.0,0.0,0.0,0.0,0.0
0.15,5.0,25.0,False,0,0.0,0.0,0.0,0.0,0.0
0.15,5.0,30.0,False,0,0.0,0.0,0.0,0.0,0.0
