Fold,Train_Start,Train_End,Test_Start,Test_End,Train_Net%,Train_Sharpe,Train_WR%,Train_Trades,OOS_Net%,OOS_Sharpe,OOS_WR%,OOS_Trades,OOS_MaxDD%,OOS_PF,Opt_rsi_oversold,Opt_rsi_overbought,Opt_adx_max,Opt_trailing_atr_mult
1,2018-01-01,2018-12-31,2019-01-01,2019-03-31,0.15,0.11,33.3,3,3.75,1.852,100.0,3,-2.1,inf,35,70,18.0,0.8
2,2018-04-01,2019-03-31,2019-04-01,2019-06-30,1.22,0.157,71.4,7,0.0,0.0,0.0,0,0.0,0.0,25,70,18.0,1.2
3,2018-07-01,2019-06-30,2019-07-01,2019-09-30,7.82,0.824,80.0,5,0.0,0.0,0.0,0,0.0,0.0,30,70,18.0,1.2
4,2018-10-01,2019-09-30,2019-10-01,2019-12-31,17.17,1.445,66.7,6,-0.57,-0.188,0.0,1,-3.55,0.0,30,70,18.0,1.2
5,2019-01-01,2019-12-31,2020-01-01,2020-03-31,26.21,2.388,100.0,5,0.0,0.0,0.0,0,0.0,0.0,35,75,22.0,1.2
6,2019-04-01,2020-03-31,2020-04-01,2020-06-30,7.91,0.636,75.0,4,11.86,1.806,50.0,2,-1.68,9.091,35,70,22.0,1.2
7,2019-07-01,2020-06-30,2020-07-01,2020-09-30,-11.04,-1.132,33.3,3,0.0,0.0,0.0,0,0.0,0.0,35,70,22.0,0.8
8,2019-10-01,2020-09-30,2020-10-01,2020-12-31,-5.72,-0.512,66.7,3,4.16,1.931,100.0,1,-0.15,inf,30,75,22.0,0.8
9,2020-01-01,2020-12-31,2021-01-01,2021-03-31,2.86,0.735,100.0,3,20.75,2.133,100.0,1,-1.0,inf,35,75,22.0,1.2
10,2020-04-01,2021-03-31,2021-04-01,2021-06-30,16.67,1.178,100.0,3,0.0,0.0,0.0,0,0.0,0.0,35,80,22.0,1.2
11,2020-07-01,2021-06-30,2021-07-01,2021-09-30,0.0,0.0,0.0,0,0.0,0.0,0.0,0,0.0,0.0,30,75,20.0,1.0
12,2020-10-01,2021-09-30,2021-10-01,2021-12-31,9.36,1.066,66.7,3,0.0,0.0,0.0,0,0.0,0.0,25,70,20.0,1.2
13,2021-01-01,2021-12-31,2022-01-01,2022-03-31,26.77,1.229,66.7,3,0.0,0.0,0.0,0,0.0,0.0,25,70,20.0,1.2
14,2021-04-01,2022-03-31,2022-04-01,2022-06-30,0.0,0.0,0.0,0,0.0,0.0,0.0,0,0.0,0.0,30,75,20.0,1.0
15,2021-07-01,2022-06-30,2022-07-01,2022-09-30,-5.79,-0.875,33.3,3,6.95,2.355,100.0,2,-1.73,inf,30,70,22.0,0.8
16,2021-10-01,2022-09-30,2022-10-01,2022-12-31,5.38,0.863,66.7,3,0.0,0.0,0.0,0,0.0,0.0,30,70,20.0,0.8
17,2022-01-01,2022-12-31,2023-01-01,2023-03-31,8.04,1.143,66.7,6,0.0,0.0,0.0,0,0.0,0.0,35,70,18.0,0.8
18,2022-04-01,2023-03-31,2023-04-01,2023-06-30,7.49,1.41,100.0,3,0.0,0.0,0.0,0,0.0,0.0,30,70,18.0,0.8
19,2022-07-01,2023-06-30,2023-07-01,2023-09-30,11.3,1.483,71.4,7,-9.92,-2.692,0.0,4,-9.92,0.0,35,70,18.0,0.8
20,2022-10-01,2023-09-30,2023-10-01,2023-12-31,7.4,1.404,66.7,6,4.1,2.453,100.0,1,-1.75,inf,30,70,22.0,1.0
21,2023-01-01,2023-12-31,2024-01-01,2024-03-31,1.46,0.718,66.7,3,4.77,2.72,100.0,1,-0.15,inf,35,70,18.0,1.0
22,2023-04-01,2024-03-31,2024-04-01,2024-06-30,9.63,1.241,57.1,7,2.72,1.747,66.7,3,-1.39,3.583,30,70,22.0,1.2
23,2023-07-01,2024-06-30,2024-07-01,2024-09-30,-0.88,-0.024,50.0,10,-1.93,-1.631,0.0,1,-2.29,0.0,25,80,22.0,0.8
24,2023-10-01,2024-09-30,2024-10-01,2024-12-31,14.56,1.471,100.0,4,0.0,0.0,0.0,0,0.0,0.0,25,80,22.0,1.2
25,2024-01-01,2024-12-31,2025-01-01,2025-01-01,23.69,2.271,100.0,8,0.0,0.0,0.0,0,0.0,0.0,25,80,22.0,0.8
