session,session_start,session_end,entry_mode,stop_pct,target_pct,r_ratio,trades,win_rate,return_pct,sharpe,max_dd,profit_factor,avg_win,avg_loss
London_NY_Overlap,13,16,bear_pullback,0.01,0.015,1.5,15,46.7,-6.99,0,8.89,0.57,0.52,-0.79
London_NY_Overlap,13,16,bear_pullback,0.0075,0.015,2.0,15,40.0,-7.53,0,8.72,0.44,0.44,-0.66
London_NY_Overlap,13,16,bull_pullback,0.005,0.01,2.0,14,28.6,-8.74,0,8.74,0.26,0.43,-0.66
London_NY_Overlap,13,16,bear_pullback,0.01,0.02,2.0,15,46.7,-8.85,0,10.71,0.44,0.52,-1.03
London_NY_Overlap,13,16,bear_pullback,0.005,0.015,3.0,16,37.5,-9.05,0,9.43,0.28,0.3,-0.64
London_NY_Overlap,13,16,bear_pullback,0.0075,0.02,2.666666666666667,15,40.0,-9.38,0,10.55,0.33,0.44,-0.88
London_NY_Overlap,13,16,bear_pullback,0.005,0.01,2.0,17,35.3,-9.39,0,9.77,0.27,0.3,-0.59
London_NY_Overlap,13,16,bull_pullback,0.005,0.02,4.0,13,15.4,-9.8,0,9.8,0.2,0.82,-0.73
London_NY_Overlap,13,16,bull_pullback,0.005,0.015,3.0,13,15.4,-10.11,0,10.11,0.16,0.64,-0.73
London_NY_Overlap,13,16,bear_pullback,0.005,0.02,4.0,16,37.5,-10.87,0,11.24,0.21,0.3,-0.84
NY,13,20,bull_pullback,0.005,0.01,2.0,20,40.0,-11.2,0,11.88,0.35,0.38,-0.74
NY,13,20,bear_pullback,0.01,0.02,2.0,21,57.1,-11.24,0,13.53,0.5,0.46,-1.22
NY,13,20,bear_pullback,0.01,0.015,1.5,22,54.5,-11.35,0,13.65,0.51,0.46,-1.08
NY,13,20,bear_pullback,0.0075,0.015,2.0,22,45.5,-11.48,0,12.82,0.45,0.45,-0.83
London_NY_Overlap,13,16,bull_pullback,0.0075,0.015,2.0,12,25.0,-11.49,0,12.03,0.18,0.63,-1.16
NY,13,20,bull_pullback,0.005,0.02,4.0,19,21.1,-11.91,0,13.33,0.38,1.04,-0.74
London_NY_Overlap,13,16,bull_pullback,0.01,0.015,1.5,12,25.0,-11.94,0,12.48,0.17,0.63,-1.21
NY,13,20,bull_pullback,0.01,0.015,1.5,17,35.3,-11.96,0,14.22,0.36,0.71,-1.07
NY,13,20,bear_pullback,0.0075,0.02,2.666666666666667,22,45.5,-12.33,0,13.67,0.41,0.45,-0.91
NY,13,20,bull_pullback,0.005,0.015,3.0,19,26.3,-12.46,0,13.61,0.3,0.65,-0.77
NY,13,20,bull_pullback,0.0075,0.015,2.0,19,31.6,-12.81,0,15.05,0.35,0.71,-0.93
NY,13,20,bull_pullback,0.01,0.02,2.0,17,23.5,-12.82,0,14.68,0.33,1.04,-0.97
London_NY_Overlap,13,16,bull_pullback,0.0075,0.02,2.666666666666667,12,25.0,-13.34,0,13.87,0.17,0.75,-1.42
NY,13,20,bull_pullback,0.0075,0.02,2.666666666666667,19,21.1,-13.67,0,15.51,0.32,1.04,-0.87
London_NY_Overlap,13,16,bull_pullback,0.01,0.02,2.0,12,25.0,-13.78,0,14.31,0.17,0.75,-1.48
NY,13,20,bear_pullback,0.005,0.01,2.0,24,37.5,-14.05,0,14.34,0.19,0.2,-0.64
NY,13,20,bear_pullback,0.005,0.015,3.0,24,37.5,-14.47,0,14.76,0.18,0.2,-0.68
NY,13,20,bear_pullback,0.005,0.02,4.0,24,37.5,-15.33,0,15.61,0.16,0.2,-0.74
