sd_threshold,atr_stop,atr_target,tp_mode,entry_mode,require_sfp,use_regime_filter,n_trades,win_rate,total_return_pct,sharpe,max_dd_pct
3.5,1.0,2.0,atr,bull_pullback,False,False,3,100.0,1.12,0.74,-0.15
4.0,1.0,2.0,atr,bull_pullback,False,False,0,0.0,0.0,0.0,0.0
4.5,1.0,2.0,atr,bull_pullback,False,False,0,0.0,0.0,0.0,0.0
5.0,1.0,2.0,atr,bull_pullback,False,False,0,0.0,0.0,0.0,0.0
4.0,0.7,2.0,atr,bull_pullback,False,False,0,0.0,0.0,0.0,0.0
4.0,1.5,2.0,atr,bull_pullback,False,False,0,0.0,0.0,0.0,0.0
4.0,2.0,2.0,atr,bull_pullback,False,False,0,0.0,0.0,0.0,0.0
4.0,1.0,2.0,atr,bull_pullback,False,False,0,0.0,0.0,0.0,0.0
4.0,1.0,2.0,rr,bull_pullback,False,False,0,0.0,0.0,0.0,0.0
4.0,1.0,2.5,rr,bull_pullback,False,False,0,0.0,0.0,0.0,0.0
4.0,1.0,3.0,rr,bull_pullback,False,False,0,0.0,0.0,0.0,0.0
4.0,1.0,2.0,atr,bull_pullback,False,False,0,0.0,0.0,0.0,0.0
4.0,1.0,2.0,atr,bear_pullback,False,False,0,0.0,0.0,0.0,0.0
4.0,1.0,2.0,atr,reversal,False,False,0,0.0,0.0,0.0,0.0
4.0,1.0,2.0,atr,bull_pullback,False,False,0,0.0,0.0,0.0,0.0
4.0,1.0,2.0,atr,bull_pullback,True,False,5,80.0,-0.53,-0.19,-1.66
3.5,1.0,2.0,atr,bull_pullback,True,False,17,58.8,-2.58,-0.61,-3.84
4.0,1.0,2.0,atr,bull_pullback,False,False,0,0.0,0.0,0.0,0.0
4.0,1.0,2.0,atr,bull_pullback,False,True,0,0.0,0.0,0.0,0.0
3.5,0.7,2.0,atr,bull_pullback,True,False,17,41.2,-3.96,-0.96,-4.74
4.5,1.5,2.5,rr,bear_pullback,False,False,0,0.0,0.0,0.0,0.0
5.0,2.0,3.0,rr,reversal,False,False,0,0.0,0.0,0.0,0.0
2.5,1.0,2.0,atr,bull_pullback,False,False,58,51.7,-13.43,-2.33,-14.07
3.0,1.0,2.0,atr,bull_pullback,False,False,17,58.8,-2.84,-0.79,-3.99
4.0,0.5,2.0,atr,bull_pullback,False,False,0,0.0,0.0,0.0,0.0
4.0,1.0,1.5,rr,bull_pullback,False,False,0,0.0,0.0,0.0,0.0
4.0,1.0,4.0,rr,bull_pullback,False,False,0,0.0,0.0,0.0,0.0
