Strategy,Year,Filter,Trades,WR%,PF,Net%,Sharpe,MaxDD%
Mean Reversion,2018,none,12,58.3,1.083,-1.81,0.074,-31.35
Mean Reversion,2018,old_regime,1,100.0,inf,5.33,1.087,-0.15
Mean Reversion,2018,enhanced_regime,1,100.0,inf,5.33,1.087,-0.15
Mean Reversion,2019,none,24,50.0,0.674,-21.56,-0.767,-38.64
Mean Reversion,2019,old_regime,6,66.7,1.08,-0.55,-0.035,-6.19
Mean Reversion,2019,enhanced_regime,9,66.7,1.579,3.83,0.45,-7.05
Mean Reversion,2020,none,18,38.9,0.977,-5.44,-0.112,-22.91
Mean Reversion,2020,old_regime,10,20.0,0.606,-11.22,-0.737,-21.62
Mean Reversion,2020,enhanced_regime,10,30.0,0.985,-2.78,-0.124,-16.01
Mean Reversion,2021,none,25,48.0,1.451,22.03,0.701,-25.51
Mean Reversion,2021,old_regime,5,60.0,5.518,30.24,1.306,-5.86
Mean Reversion,2021,enhanced_regime,7,57.1,2.401,19.1,0.848,-6.12
Mean Reversion,2022,none,17,41.2,0.514,-32.02,-1.27,-39.28
Mean Reversion,2022,old_regime,7,57.1,0.945,-3.28,-0.137,-10.85
Mean Reversion,2022,enhanced_regime,9,44.4,0.458,-21.66,-1.098,-27.79
Mean Reversion,2023,none,33,48.5,1.057,-4.23,-0.138,-16.58
Mean Reversion,2023,old_regime,17,35.3,0.986,-3.6,-0.213,-9.82
Mean Reversion,2023,enhanced_regime,21,47.6,1.488,5.85,0.465,-7.85
Mean Reversion,2024,none,23,43.5,0.957,-6.94,-0.272,-15.66
Mean Reversion,2024,old_regime,10,70.0,1.78,5.87,0.665,-9.8
Mean Reversion,2024,enhanced_regime,15,46.7,1.093,-1.12,-0.015,-9.35
VWAP Scalping,2018,none,13,38.5,0.376,-3.94,-1.567,-4.27
VWAP Scalping,2018,old_regime,3,0.0,0.0,-0.99,-2.214,-0.99
VWAP Scalping,2018,enhanced_regime,3,0.0,0.0,-0.99,-2.214,-0.99
VWAP Scalping,2019,none,15,40.0,1.324,-1.37,-0.513,-3.58
VWAP Scalping,2019,old_regime,6,33.3,1.872,-0.04,-0.017,-1.28
VWAP Scalping,2019,enhanced_regime,2,0.0,0.0,-0.75,-1.4,-0.84
VWAP Scalping,2020,none,24,45.8,1.914,-0.57,-0.159,-3.16
VWAP Scalping,2020,old_regime,5,20.0,0.054,-1.86,-2.378,-1.86
VWAP Scalping,2020,enhanced_regime,2,50.0,1.053,-0.3,-1.293,-0.36
VWAP Scalping,2021,none,8,37.5,0.305,-3.0,-1.578,-3.37
VWAP Scalping,2021,old_regime,3,66.7,10.776,-0.07,-0.114,-0.39
VWAP Scalping,2021,enhanced_regime,1,0.0,0.0,-0.19,-1.1,-0.23
VWAP Scalping,2022,none,15,60.0,1.653,-0.2,-0.048,-2.89
VWAP Scalping,2022,old_regime,5,60.0,1.311,-0.62,-0.882,-0.93
VWAP Scalping,2022,enhanced_regime,2,100.0,inf,0.06,0.186,-0.15
VWAP Scalping,2023,none,27,37.0,0.482,-6.34,-3.39,-6.34
VWAP Scalping,2023,old_regime,16,43.8,0.564,-3.2,-2.83,-3.7
VWAP Scalping,2023,enhanced_regime,12,41.7,0.441,-2.55,-3.032,-2.81
VWAP Scalping,2024,none,26,42.3,1.3,-2.76,-1.149,-3.87
VWAP Scalping,2024,old_regime,9,11.1,0.288,-2.77,-2.878,-2.77
VWAP Scalping,2024,enhanced_regime,4,0.0,0.0,-1.77,-2.674,-1.77
Momentum Scalping,2018,none,11,45.5,0.715,-3.5,-0.851,-6.34
Momentum Scalping,2018,old_regime,1,0.0,0.0,-0.91,-1.299,-0.91
Momentum Scalping,2018,enhanced_regime,5,40.0,0.153,-4.52,-1.609,-5.12
Momentum Scalping,2019,none,4,0.0,0.0,-3.93,-2.277,-3.93
Momentum Scalping,2019,old_regime,0,0.0,0.0,0.0,0.0,0.0
Momentum Scalping,2019,enhanced_regime,0,0.0,0.0,0.0,0.0,0.0
Momentum Scalping,2020,none,14,64.3,1.142,-1.8,-0.913,-3.16
Momentum Scalping,2020,old_regime,2,50.0,0.039,-0.79,-1.225,-0.79
Momentum Scalping,2020,enhanced_regime,4,75.0,1.904,-0.14,-0.096,-1.0
Momentum Scalping,2021,none,10,40.0,1.022,-1.45,-0.524,-2.12
Momentum Scalping,2021,old_regime,2,50.0,5.085,1.04,0.746,-0.63
Momentum Scalping,2021,enhanced_regime,5,60.0,2.096,1.06,0.437,-2.12
Momentum Scalping,2022,none,8,50.0,0.514,-3.17,-1.054,-4.84
Momentum Scalping,2022,old_regime,1,100.0,inf,1.56,0.909,-0.15
Momentum Scalping,2022,enhanced_regime,2,100.0,inf,1.6,0.923,-0.15
Momentum Scalping,2023,none,6,33.3,0.216,-1.73,-2.181,-1.85
Momentum Scalping,2023,old_regime,0,0.0,0.0,0.0,0.0,0.0
Momentum Scalping,2023,enhanced_regime,0,0.0,0.0,0.0,0.0,0.0
Momentum Scalping,2024,none,13,46.2,0.336,-5.39,-1.688,-6.16
Momentum Scalping,2024,old_regime,4,25.0,0.113,-4.45,-1.478,-4.45
Momentum Scalping,2024,enhanced_regime,6,50.0,0.306,-3.92,-1.273,-4.51
Liquidation Capture,2018,none,0,0.0,0.0,0.0,0.0,0.0
Liquidation Capture,2018,old_regime,0,0.0,0.0,0.0,0.0,0.0
Liquidation Capture,2018,enhanced_regime,0,0.0,0.0,0.0,0.0,0.0
Liquidation Capture,2019,none,1,0.0,0.0,-19.1,-1.003,-19.1
Liquidation Capture,2019,old_regime,0,0.0,0.0,0.0,0.0,0.0
Liquidation Capture,2019,enhanced_regime,0,0.0,0.0,0.0,0.0,0.0
Liquidation Capture,2020,none,0,0.0,0.0,0.0,0.0,0.0
Liquidation Capture,2020,old_regime,0,0.0,0.0,0.0,0.0,0.0
Liquidation Capture,2020,enhanced_regime,0,0.0,0.0,0.0,0.0,0.0
Liquidation Capture,2021,none,0,0.0,0.0,0.0,0.0,0.0
Liquidation Capture,2021,old_regime,0,0.0,0.0,0.0,0.0,0.0
Liquidation Capture,2021,enhanced_regime,0,0.0,0.0,0.0,0.0,0.0
Liquidation Capture,2022,none,0,0.0,0.0,0.0,0.0,0.0
Liquidation Capture,2022,old_regime,0,0.0,0.0,0.0,0.0,0.0
Liquidation Capture,2022,enhanced_regime,0,0.0,0.0,0.0,0.0,0.0
Liquidation Capture,2023,none,0,0.0,0.0,0.0,0.0,0.0
Liquidation Capture,2023,old_regime,0,0.0,0.0,0.0,0.0,0.0
Liquidation Capture,2023,enhanced_regime,0,0.0,0.0,0.0,0.0,0.0
Liquidation Capture,2024,none,0,0.0,0.0,0.0,0.0,0.0
Liquidation Capture,2024,old_regime,0,0.0,0.0,0.0,0.0,0.0
Liquidation Capture,2024,enhanced_regime,0,0.0,0.0,0.0,0.0,0.0
Grid Trading,2018,none,7,42.9,1.031,-1.25,-0.068,-11.56
Grid Trading,2018,old_regime,0,0.0,0.0,0.0,0.0,0.0
Grid Trading,2018,enhanced_regime,0,0.0,0.0,0.0,0.0,0.0
Grid Trading,2019,none,4,75.0,123.01,12.41,1.451,-3.6
Grid Trading,2019,old_regime,0,0.0,0.0,0.0,0.0,0.0
Grid Trading,2019,enhanced_regime,0,0.0,0.0,0.0,0.0,0.0
Grid Trading,2020,none,2,0.0,0.0,-5.64,-1.333,-6.52
Grid Trading,2020,old_regime,0,0.0,0.0,0.0,0.0,0.0
Grid Trading,2020,enhanced_regime,0,0.0,0.0,0.0,0.0,0.0
Grid Trading,2021,none,9,55.6,1.05,-1.22,-0.049,-9.89
Grid Trading,2021,old_regime,2,50.0,0.7,-0.93,-0.25,-2.34
Grid Trading,2021,enhanced_regime,2,50.0,0.7,-0.93,-0.25,-2.34
Grid Trading,2022,none,11,18.2,0.321,-17.51,-1.713,-22.73
Grid Trading,2022,old_regime,2,0.0,0.0,-2.54,-0.59,-4.83
Grid Trading,2022,enhanced_regime,2,0.0,0.0,-2.54,-0.59,-4.83
Grid Trading,2023,none,2,0.0,0.0,-3.39,-1.543,-3.39
Grid Trading,2023,old_regime,0,0.0,0.0,0.0,0.0,0.0
Grid Trading,2023,enhanced_regime,0,0.0,0.0,0.0,0.0,0.0
Grid Trading,2024,none,12,58.3,1.166,-0.08,0.036,-6.37
Grid Trading,2024,old_regime,0,0.0,0.0,0.0,0.0,0.0
Grid Trading,2024,enhanced_regime,0,0.0,0.0,0.0,0.0,0.0
MA Crossover,2018,none,0,0.0,0.0,0.0,0.0,0.0
MA Crossover,2018,old_regime,0,0.0,0.0,0.0,0.0,0.0
MA Crossover,2018,enhanced_regime,0,0.0,0.0,0.0,0.0,0.0
MA Crossover,2019,none,1,0.0,0.0,-20.23,-1.545,-20.23
MA Crossover,2019,old_regime,0,0.0,0.0,0.0,0.0,0.0
MA Crossover,2019,enhanced_regime,0,0.0,0.0,0.0,0.0,0.0
MA Crossover,2020,none,1,100.0,inf,16.54,1.332,-3.35
MA Crossover,2020,old_regime,0,0.0,0.0,0.0,0.0,0.0
MA Crossover,2020,enhanced_regime,0,0.0,0.0,0.0,0.0,0.0
MA Crossover,2021,none,1,100.0,inf,14.56,1.556,-1.2
MA Crossover,2021,old_regime,0,0.0,0.0,0.0,0.0,0.0
MA Crossover,2021,enhanced_regime,0,0.0,0.0,0.0,0.0,0.0
MA Crossover,2022,none,1,100.0,inf,13.56,1.737,-2.84
MA Crossover,2022,old_regime,0,0.0,0.0,0.0,0.0,0.0
MA Crossover,2022,enhanced_regime,0,0.0,0.0,0.0,0.0,0.0
MA Crossover,2023,none,0,0.0,0.0,0.0,0.0,0.0
MA Crossover,2023,old_regime,0,0.0,0.0,0.0,0.0,0.0
MA Crossover,2023,enhanced_regime,0,0.0,0.0,0.0,0.0,0.0
MA Crossover,2024,none,1,0.0,0.0,-12.43,-1.523,-12.43
MA Crossover,2024,old_regime,0,0.0,0.0,0.0,0.0,0.0
MA Crossover,2024,enhanced_regime,0,0.0,0.0,0.0,0.0,0.0
