Year,month,sd_before,trades,wr,adapt_reason,sd_after
2019,2019-10,4.037,3,0.0,wr_low(33.3% < 40.0%),4.187
2019,2019-11,4.187,7,71.42857142857143,wr_low(36.7% < 40.0%),4.337000000000001
2019,2019-12,4.337000000000001,11,36.36363636363637,wr_low(30.0% < 40.0%),4.487000000000001
2020,2020-07,4.037,8,50.0,wr_low(33.3% < 40.0%),4.187
2020,2020-08,4.187,5,40.0,wr_low(36.7% < 40.0%),4.337000000000001
2020,2020-12,4.337000000000001,7,28.57142857142857,wr_low(33.3% < 40.0%),4.487000000000001
2021,2021-05,4.037,7,71.42857142857143,wr_high(60.0% > 55.0%),3.937
2021,2021-06,3.937,11,54.54545454545454,wr_high(63.3% > 55.0%),3.8369999999999997
2021,2021-07,3.8369999999999997,5,20.0,wr_high(56.7% > 55.0%),3.7369999999999997
2021,2021-10,3.7369999999999997,8,37.5,wr_low(36.7% < 40.0%),3.8869999999999996
2022,2022-05,4.037,5,80.0,wr_high(56.7% > 55.0%),3.937
2022,2022-06,3.937,9,33.33333333333333,wr_high(56.7% > 55.0%),3.8369999999999997
2022,2022-08,3.8369999999999997,11,36.36363636363637,wr_low(36.7% < 40.0%),3.9869999999999997
2022,2022-09,3.9869999999999997,9,33.33333333333333,wr_low(33.3% < 40.0%),4.137
2022,2022-10,4.137,12,33.33333333333333,wr_low(33.3% < 40.0%),4.287
2022,2022-11,4.287,7,57.14285714285714,wr_low(36.7% < 40.0%),4.437
2023,2023-07,4.037,7,42.857142857142854,wr_low(33.3% < 40.0%),4.187
2023,2023-08,4.187,4,25.0,wr_low(30.0% < 40.0%),4.337000000000001
2023,2023-09,4.337000000000001,12,25.0,wr_low(26.7% < 40.0%),4.487000000000001
2023,2023-10,4.487000000000001,5,20.0,wr_low(30.0% < 40.0%),4.637000000000001
2023,2023-11,4.637000000000001,5,40.0,wr_low(26.7% < 40.0%),4.787000000000002
2023,2023-12,4.787000000000002,7,71.42857142857143,wr_low(36.7% < 40.0%),4.937000000000002
2024,2024-05,4.037,5,40.0,wr_low(30.0% < 40.0%),4.187
2024,2024-06,4.187,11,36.36363636363637,wr_low(36.7% < 40.0%),4.337000000000001
2024,2024-10,4.337000000000001,9,11.11111111111111,wr_low(36.7% < 40.0%),4.487000000000001
2024,2024-11,4.487000000000001,4,50.0,wr_low(36.7% < 40.0%),4.637000000000001
2024,2024-12,4.637000000000001,6,16.666666666666664,wr_low(33.3% < 40.0%),4.787000000000002
2025,2025-04,4.037,12,50.0,wr_low(33.3% < 40.0%),4.187
2025,2025-06,4.187,7,28.57142857142857,wr_low(36.7% < 40.0%),4.337000000000001
2025,2025-07,4.337000000000001,2,0.0,wr_low(36.7% < 40.0%),4.487000000000001
2025,2025-08,4.487000000000001,8,0.0,wr_low(23.3% < 40.0%),4.637000000000001
2025,2025-09,4.637000000000001,7,14.285714285714285,wr_low(16.7% < 40.0%),4.787000000000002
2025,2025-10,4.787000000000002,8,37.5,wr_low(20.0% < 40.0%),4.937000000000002
2025,2025-11,4.937000000000002,8,12.5,wr_low(16.7% < 40.0%),5.087000000000002
2025,2025-12,5.087000000000002,7,0.0,wr_low(16.7% < 40.0%),5.237000000000003
