Year,Config,month,sd,atr_stop,entry_mode,position_size,cooldown,trades,wr,adaptations
2023,v6_fixed_entry,2023-02,3.0,1.87,bull_pullback,1.0,0,14,21.428571428571427,sd: 3.00->3.20
2023,v6_fixed_entry,2023-03,3.2,1.87,bull_pullback,1.0,0,15,40.0,sd: 3.20->3.40; atr_stop: 1.87->1.72; size: 1.00->0.75; cooldown: 0->3
2023,v6_fixed_entry,2023-06,3.4000000000000004,1.7200000000000002,bull_pullback,0.75,3,8,12.5,sd: 3.40->3.60; atr_stop: 1.72->1.57; size: 0.75->0.56; cooldown: 3->6
2023,v6_fixed_entry,2023-07,3.6000000000000005,1.5700000000000003,bull_pullback,0.5625,6,7,42.857142857142854,sd: 3.60->3.80
2023,v6_fixed_entry,2023-08,3.8000000000000007,1.5700000000000003,bull_pullback,0.5625,6,7,57.14285714285714,sd: 3.80->4.00
2023,v6_fixed_entry,2023-09,4.000000000000001,1.5700000000000003,bull_pullback,0.5625,6,12,25.0,sd: 4.00->4.20
2023,v6_fixed_entry,2023-10,4.200000000000001,1.5700000000000003,bull_pullback,0.5625,6,5,20.0,sd: 4.20->4.40; atr_stop: 1.57->1.42; size: 0.56->0.42; cooldown: 6->9
2023,v6_fixed_entry,2023-11,4.400000000000001,1.4200000000000004,bull_pullback,0.421875,9,5,40.0,sd: 4.40->4.60; atr_stop: 1.42->1.27; size: 0.42->0.32; cooldown: 9->12
2023,v6_fixed_entry,2023-12,4.600000000000001,1.2700000000000005,bull_pullback,0.31640625,12,7,71.42857142857143,sd: 4.60->4.80
2024,v6_fixed_entry,2024-01,3.0,1.87,bull_pullback,1.0,0,20,25.0,sd: 3.00->3.20; atr_stop: 1.87->1.72; size: 1.00->0.75; cooldown: 0->3
2024,v6_fixed_entry,2024-02,3.2,1.7200000000000002,bull_pullback,0.75,3,7,14.285714285714285,sd: 3.20->3.40; atr_stop: 1.72->1.57; size: 0.75->0.56; cooldown: 3->6
2024,v6_fixed_entry,2024-03,3.4000000000000004,1.5700000000000003,bull_pullback,0.5625,6,8,37.5,sd: 3.40->3.60; atr_stop: 1.57->1.42; size: 0.56->0.42; cooldown: 6->9
2024,v6_fixed_entry,2024-04,3.6000000000000005,1.4200000000000004,bull_pullback,0.421875,9,5,20.0,sd: 3.60->3.80; atr_stop: 1.42->1.27; size: 0.42->0.32; cooldown: 9->12
2024,v6_fixed_entry,2024-05,3.8000000000000007,1.2700000000000005,bull_pullback,0.31640625,12,5,40.0,sd: 3.80->4.00; atr_stop: 1.27->1.12; size: 0.32->0.25; cooldown: 12->12
2024,v6_fixed_entry,2024-06,4.000000000000001,1.1200000000000006,bull_pullback,0.25,12,11,27.27272727272727,sd: 4.00->4.20; atr_stop: 1.12->1.00; size: 0.25->0.25; cooldown: 12->12
2024,v6_fixed_entry,2024-07,4.200000000000001,1.0,bull_pullback,0.25,12,6,16.666666666666664,sd: 4.20->4.40; atr_stop: 1.00->1.00; size: 0.25->0.25; cooldown: 12->12
2024,v6_fixed_entry,2024-08,4.400000000000001,1.0,bull_pullback,0.25,12,5,60.0,sd: 4.40->4.60; atr_stop: 1.00->1.00; size: 0.25->0.25; cooldown: 12->12
2024,v6_fixed_entry,2024-09,4.600000000000001,1.0,bull_pullback,0.25,12,3,0.0,sd: 4.60->4.80; atr_stop: 1.00->1.00; size: 0.25->0.25; cooldown: 12->12
2024,v6_fixed_entry,2024-10,4.800000000000002,1.0,bull_pullback,0.25,12,9,11.11111111111111,sd: 4.80->5.00; atr_stop: 1.00->1.00; size: 0.25->0.25; cooldown: 12->12
2024,v6_fixed_entry,2024-11,5.000000000000002,1.0,bull_pullback,0.25,12,4,50.0,sd: 5.00->5.20; atr_stop: 1.00->1.00; size: 0.25->0.25; cooldown: 12->12
2024,v6_fixed_entry,2024-12,5.200000000000002,1.0,bull_pullback,0.25,12,6,16.666666666666664,sd: 5.20->5.40; atr_stop: 1.00->1.00; size: 0.25->0.25; cooldown: 12->12
2025,v6_fixed_entry,2025-02,3.0,1.87,bull_pullback,1.0,0,12,25.0,sd: 3.00->3.20; atr_stop: 1.87->1.72; size: 1.00->0.75; cooldown: 0->3
2025,v6_fixed_entry,2025-03,3.2,1.7200000000000002,bull_pullback,0.75,3,8,37.5,sd: 3.20->3.40; atr_stop: 1.72->1.57; size: 0.75->0.56; cooldown: 3->6
2025,v6_fixed_entry,2025-04,3.4000000000000004,1.5700000000000003,bull_pullback,0.5625,6,13,46.15384615384615,sd: 3.40->3.60
2025,v6_fixed_entry,2025-06,3.6000000000000005,1.5700000000000003,bull_pullback,0.5625,6,8,12.5,sd: 3.60->3.80
2025,v6_fixed_entry,2025-07,3.8000000000000007,1.5700000000000003,bull_pullback,0.5625,6,2,0.0,sd: 3.80->4.00; atr_stop: 1.57->1.42; size: 0.56->0.42; cooldown: 6->9
2025,v6_fixed_entry,2025-08,4.000000000000001,1.4200000000000004,bull_pullback,0.421875,9,8,0.0,sd: 4.00->4.20; atr_stop: 1.42->1.27; size: 0.42->0.32; cooldown: 9->12
2025,v6_fixed_entry,2025-09,4.200000000000001,1.2700000000000005,bull_pullback,0.31640625,12,7,14.285714285714285,sd: 4.20->4.40; atr_stop: 1.27->1.12; size: 0.32->0.25; cooldown: 12->12
2025,v6_fixed_entry,2025-10,4.400000000000001,1.1200000000000006,bull_pullback,0.25,12,8,37.5,sd: 4.40->4.60; atr_stop: 1.12->1.00; size: 0.25->0.25; cooldown: 12->12
2025,v6_fixed_entry,2025-11,4.600000000000001,1.0,bull_pullback,0.25,12,8,12.5,sd: 4.60->4.80; atr_stop: 1.00->1.00; size: 0.25->0.25; cooldown: 12->12
2025,v6_fixed_entry,2025-12,4.800000000000002,1.0,bull_pullback,0.25,12,7,0.0,sd: 4.80->5.00; atr_stop: 1.00->1.00; size: 0.25->0.25; cooldown: 12->12
2023,v6_regime_entry,2023-02,3.0,1.87,bull_pullback,1.0,0,14,21.428571428571427,sd: 3.00->3.20
2023,v6_regime_entry,2023-03,3.2,1.87,bull_pullback,1.0,0,15,40.0,sd: 3.20->3.40; atr_stop: 1.87->1.72; size: 1.00->0.75; cooldown: 0->3
2023,v6_regime_entry,2023-06,3.4000000000000004,1.7200000000000002,bull_pullback,0.75,3,8,12.5,sd: 3.40->3.60; atr_stop: 1.72->1.57; size: 0.75->0.56; cooldown: 3->6
2023,v6_regime_entry,2023-07,3.6000000000000005,1.5700000000000003,mean_reversion,0.5625,6,13,23.076923076923077,sd: 3.60->3.80; atr_stop: 1.57->1.42; size: 0.56->0.42; cooldown: 6->9
2023,v6_regime_entry,2023-08,3.8000000000000007,1.4200000000000004,bull_pullback,0.421875,9,7,57.14285714285714,sd: 3.80->4.00; atr_stop: 1.42->1.27; size: 0.42->0.32; cooldown: 9->12
2023,v6_regime_entry,2023-09,4.000000000000001,1.2700000000000005,mean_reversion,0.31640625,12,13,15.384615384615385,sd: 4.00->4.20; atr_stop: 1.27->1.12; size: 0.32->0.25; cooldown: 12->12
2023,v6_regime_entry,2023-10,4.200000000000001,1.1200000000000006,bull_pullback,0.25,12,5,20.0,sd: 4.20->4.40; atr_stop: 1.12->1.00; size: 0.25->0.25; cooldown: 12->12
2023,v6_regime_entry,2023-11,4.400000000000001,1.0,bull_pullback,0.25,12,5,20.0,sd: 4.40->4.60; atr_stop: 1.00->1.00; size: 0.25->0.25; cooldown: 12->12
2023,v6_regime_entry,2023-12,4.600000000000001,1.0,bull_pullback,0.25,12,7,57.14285714285714,sd: 4.60->4.80; atr_stop: 1.00->1.00; size: 0.25->0.25; cooldown: 12->12
2024,v6_regime_entry,2024-01,3.0,1.87,mean_reversion,1.0,0,21,14.285714285714285,sd: 3.00->3.20; atr_stop: 1.87->1.72; size: 1.00->0.75; cooldown: 0->3
2024,v6_regime_entry,2024-02,3.2,1.7200000000000002,bull_pullback,0.75,3,7,14.285714285714285,sd: 3.20->3.40; atr_stop: 1.72->1.57; size: 0.75->0.56; cooldown: 3->6
2024,v6_regime_entry,2024-03,3.4000000000000004,1.5700000000000003,bull_pullback,0.5625,6,8,37.5,sd: 3.40->3.60; atr_stop: 1.57->1.42; size: 0.56->0.42; cooldown: 6->9
2024,v6_regime_entry,2024-04,3.6000000000000005,1.4200000000000004,bull_pullback,0.421875,9,5,20.0,sd: 3.60->3.80; atr_stop: 1.42->1.27; size: 0.42->0.32; cooldown: 9->12
2024,v6_regime_entry,2024-05,3.8000000000000007,1.2700000000000005,bull_pullback,0.31640625,12,5,40.0,sd: 3.80->4.00; atr_stop: 1.27->1.12; size: 0.32->0.25; cooldown: 12->12
2024,v6_regime_entry,2024-06,4.000000000000001,1.1200000000000006,mean_reversion,0.25,12,14,28.57142857142857,sd: 4.00->4.20; atr_stop: 1.12->1.00; size: 0.25->0.25; cooldown: 12->12
2024,v6_regime_entry,2024-07,4.200000000000001,1.0,bull_pullback,0.25,12,6,16.666666666666664,sd: 4.20->4.40; atr_stop: 1.00->1.00; size: 0.25->0.25; cooldown: 12->12
2024,v6_regime_entry,2024-08,4.400000000000001,1.0,bull_pullback,0.25,12,5,60.0,sd: 4.40->4.60; atr_stop: 1.00->1.00; size: 0.25->0.25; cooldown: 12->12
2024,v6_regime_entry,2024-09,4.600000000000001,1.0,bull_pullback,0.25,12,3,0.0,sd: 4.60->4.80; atr_stop: 1.00->1.00; size: 0.25->0.25; cooldown: 12->12
2024,v6_regime_entry,2024-10,4.800000000000002,1.0,bull_pullback,0.25,12,9,11.11111111111111,sd: 4.80->5.00; atr_stop: 1.00->1.00; size: 0.25->0.25; cooldown: 12->12
2024,v6_regime_entry,2024-11,5.000000000000002,1.0,mean_reversion,0.25,12,6,50.0,sd: 5.00->5.20; atr_stop: 1.00->1.00; size: 0.25->0.25; cooldown: 12->12
2024,v6_regime_entry,2024-12,5.200000000000002,1.0,mean_reversion,0.25,12,14,7.142857142857142,sd: 5.20->5.40; atr_stop: 1.00->1.00; size: 0.25->0.25; cooldown: 12->12
2025,v6_regime_entry,2025-01,3.0,1.87,mean_reversion,1.0,0,25,24.0,sd: 3.00->3.20; atr_stop: 1.87->1.72; size: 1.00->0.75; cooldown: 0->3
2025,v6_regime_entry,2025-02,3.2,1.7200000000000002,bull_pullback,0.75,3,6,16.666666666666664,sd: 3.20->3.40; atr_stop: 1.72->1.57; size: 0.75->0.56; cooldown: 3->6
2025,v6_regime_entry,2025-03,3.4000000000000004,1.5700000000000003,bull_pullback,0.5625,6,7,28.57142857142857,sd: 3.40->3.60; atr_stop: 1.57->1.42; size: 0.56->0.42; cooldown: 6->9
2025,v6_regime_entry,2025-04,3.6000000000000005,1.4200000000000004,bull_pullback,0.421875,9,13,46.15384615384615,sd: 3.60->3.80
2025,v6_regime_entry,2025-05,3.8000000000000007,1.4200000000000004,bull_pullback,0.421875,9,6,33.33333333333333,sd: 3.80->4.00
2025,v6_regime_entry,2025-06,4.000000000000001,1.4200000000000004,bull_pullback,0.421875,9,7,14.285714285714285,sd: 4.00->4.20; atr_stop: 1.42->1.27; size: 0.42->0.32; cooldown: 9->12
2025,v6_regime_entry,2025-07,4.200000000000001,1.2700000000000005,bull_pullback,0.31640625,12,2,0.0,sd: 4.20->4.40; atr_stop: 1.27->1.12; size: 0.32->0.25; cooldown: 12->12
2025,v6_regime_entry,2025-08,4.400000000000001,1.1200000000000006,bull_pullback,0.25,12,8,0.0,sd: 4.40->4.60; atr_stop: 1.12->1.00; size: 0.25->0.25; cooldown: 12->12
2025,v6_regime_entry,2025-09,4.600000000000001,1.0,bull_pullback,0.25,12,7,0.0,sd: 4.60->4.80; atr_stop: 1.00->1.00; size: 0.25->0.25; cooldown: 12->12
2025,v6_regime_entry,2025-10,4.800000000000002,1.0,bull_pullback,0.25,12,8,37.5,sd: 4.80->5.00; atr_stop: 1.00->1.00; size: 0.25->0.25; cooldown: 12->12
2025,v6_regime_entry,2025-11,5.000000000000002,1.0,bull_pullback,0.25,12,8,12.5,sd: 5.00->5.20; atr_stop: 1.00->1.00; size: 0.25->0.25; cooldown: 12->12
2025,v6_regime_entry,2025-12,5.200000000000002,1.0,mean_reversion,0.25,12,10,0.0,sd: 5.20->5.40; atr_stop: 1.00->1.00; size: 0.25->0.25; cooldown: 12->12
