regime,entry_mode,sd_threshold,atr_stop,trade_count,win_rate,net_pct,sharpe
RANGING,mean_reversion,2.5,1.0,425,26.4,-71.05,-1.17
RANGING,mean_reversion,2.5,1.5,424,27.8,-71.39,-1.1
RANGING,mean_reversion,2.5,2.0,424,27.8,-71.39,-1.1
RANGING,mean_reversion,3.0,1.0,284,27.5,-56.62,-0.93
RANGING,mean_reversion,3.0,1.5,284,28.2,-58.19,-0.91
RANGING,mean_reversion,3.0,2.0,284,28.2,-58.19,-0.91
RANGING,mean_reversion,3.5,1.0,243,28.8,-50.55,-0.83
RANGING,mean_reversion,3.5,1.5,243,29.2,-52.18,-0.81
RANGING,mean_reversion,3.5,2.0,243,29.2,-52.18,-0.81
BEAR_WEAK,bull_pullback,2.5,1.0,1551,29.4,-98.76,-1.84
BEAR_WEAK,bull_pullback,2.5,1.5,1513,32.9,-98.58,-1.7
BEAR_WEAK,bull_pullback,2.5,2.0,1513,32.9,-98.58,-1.7
BEAR_WEAK,bull_pullback,3.0,1.0,539,33.2,-75.02,-0.9
BEAR_WEAK,bull_pullback,3.0,1.5,536,36.6,-74.03,-0.82
BEAR_WEAK,bull_pullback,3.0,2.0,536,36.6,-74.03,-0.82
BEAR_WEAK,bull_pullback,3.5,1.0,333,32.1,-56.36,-0.66
BEAR_WEAK,bull_pullback,3.5,1.5,333,36.3,-54.06,-0.58
BEAR_WEAK,bull_pullback,3.5,2.0,333,36.3,-54.06,-0.58
BULL_WEAK,bull_pullback,2.5,1.0,30,20.0,-8.26,-0.26
BULL_WEAK,bull_pullback,2.5,1.5,30,20.0,-8.32,-0.26
BULL_WEAK,bull_pullback,2.5,2.0,30,20.0,-8.32,-0.26
BULL_WEAK,bull_pullback,3.0,1.0,29,20.7,-7.92,-0.25
BULL_WEAK,bull_pullback,3.0,1.5,29,20.7,-7.99,-0.25
BULL_WEAK,bull_pullback,3.0,2.0,29,20.7,-7.99,-0.25
BULL_WEAK,bull_pullback,3.5,1.0,26,19.2,-7.11,-0.24
BULL_WEAK,bull_pullback,3.5,1.5,26,19.2,-7.18,-0.24
BULL_WEAK,bull_pullback,3.5,2.0,26,19.2,-7.18,-0.24
BULL_STRONG,cross,2.5,1.0,50,52.0,-12.72,-0.21
BULL_STRONG,cross,2.5,1.5,50,48.0,-12.56,-0.18
BULL_STRONG,cross,2.5,2.0,50,48.0,-12.56,-0.18
BULL_STRONG,cross,3.0,1.0,50,52.0,-12.72,-0.21
BULL_STRONG,cross,3.0,1.5,50,48.0,-12.56,-0.18
BULL_STRONG,cross,3.0,2.0,50,48.0,-12.56,-0.18
BULL_STRONG,cross,3.5,1.0,50,52.0,-12.72,-0.21
BULL_STRONG,cross,3.5,1.5,50,48.0,-12.56,-0.18
BULL_STRONG,cross,3.5,2.0,50,48.0,-12.56,-0.18
BEAR_STRONG,cross,2.5,1.0,84,44.0,-21.47,-0.21
BEAR_STRONG,cross,2.5,1.5,82,47.6,-18.33,-0.15
BEAR_STRONG,cross,2.5,2.0,82,47.6,-18.33,-0.15
BEAR_STRONG,cross,3.0,1.0,84,44.0,-21.47,-0.21
BEAR_STRONG,cross,3.0,1.5,82,47.6,-18.33,-0.15
BEAR_STRONG,cross,3.0,2.0,82,47.6,-18.33,-0.15
BEAR_STRONG,cross,3.5,1.0,84,44.0,-21.47,-0.21
BEAR_STRONG,cross,3.5,1.5,82,47.6,-18.33,-0.15
BEAR_STRONG,cross,3.5,2.0,82,47.6,-18.33,-0.15
