Year,Mode,SD,Label,Trades,WR%,PF,Net%,Sharpe,MaxDD%,CAGR%
2018,mean_reversion,3.45,"Historical Best (SD=3.45, MR)",14,42.9,1.387,-1.26,-0.49,-2.4,-1.27
2018,bull_pullback,3.45,"Historical Best (SD=3.45, BP)",9,22.2,0.215,-4.33,-1.809,-4.33,-4.34
2018,mean_reversion,3.0,SD=3.0 (MR),31,29.0,0.733,-6.45,-1.674,-7.27,-6.47
2018,mean_reversion,4.0,SD=4.0 (MR),5,80.0,5.84,1.47,0.646,-0.61,1.47
2019,mean_reversion,3.45,"Historical Best (SD=3.45, MR)",10,40.0,0.518,-1.83,-1.703,-1.87,-1.84
2019,bull_pullback,3.45,"Historical Best (SD=3.45, BP)",6,50.0,2.963,0.26,0.231,-0.97,0.27
2019,mean_reversion,3.0,SD=3.0 (MR),25,36.0,0.401,-6.05,-2.939,-6.12,-6.07
2019,mean_reversion,4.0,SD=4.0 (MR),2,50.0,0.248,-0.43,-1.548,-0.43,-0.44
2020,mean_reversion,3.45,"Historical Best (SD=3.45, MR)",9,22.2,0.432,-2.6,-1.814,-2.97,-2.6
2020,bull_pullback,3.45,"Historical Best (SD=3.45, BP)",6,16.7,0.005,-7.58,-1.202,-7.58,-7.59
2020,mean_reversion,3.0,SD=3.0 (MR),26,19.2,0.302,-9.45,-3.61,-9.78,-9.45
2020,mean_reversion,4.0,SD=4.0 (MR),1,0.0,0.0,-0.16,-1.055,-0.16,-0.16
2021,mean_reversion,3.45,"Historical Best (SD=3.45, MR)",9,55.6,2.931,-0.18,-0.115,-1.1,-0.18
2021,bull_pullback,3.45,"Historical Best (SD=3.45, BP)",4,50.0,2.917,0.28,0.222,-0.76,0.28
2021,mean_reversion,3.0,SD=3.0 (MR),26,34.6,0.468,-7.31,-2.402,-7.8,-7.33
2021,mean_reversion,4.0,SD=4.0 (MR),2,0.0,0.0,-0.45,-1.894,-0.45,-0.45
2022,mean_reversion,3.45,"Historical Best (SD=3.45, MR)",7,42.9,1.183,-0.76,-0.514,-2.08,-0.77
2022,bull_pullback,3.45,"Historical Best (SD=3.45, BP)",7,28.6,0.85,-1.47,-0.759,-3.56,-1.47
2022,mean_reversion,3.0,SD=3.0 (MR),19,26.3,0.609,-4.54,-1.912,-5.53,-4.55
2022,mean_reversion,4.0,SD=4.0 (MR),2,100.0,inf,1.51,1.327,-0.23,1.51
2023,mean_reversion,3.45,"Historical Best (SD=3.45, MR)",17,17.6,0.191,-4.78,-3.186,-5.1,-4.79
2023,bull_pullback,3.45,"Historical Best (SD=3.45, BP)",13,15.4,0.562,-3.23,-2.042,-4.16,-3.24
2023,mean_reversion,3.0,SD=3.0 (MR),34,23.5,0.511,-7.4,-3.572,-7.97,-7.42
2023,mean_reversion,4.0,SD=4.0 (MR),2,0.0,0.0,-0.74,-1.663,-0.74,-0.74
2024,mean_reversion,3.45,"Historical Best (SD=3.45, MR)",10,10.0,0.089,-4.63,-3.417,-4.92,-4.63
2024,bull_pullback,3.45,"Historical Best (SD=3.45, BP)",6,16.7,1.63,0.11,0.054,-2.39,0.11
2024,mean_reversion,3.0,SD=3.0 (MR),36,33.3,0.14,-11.64,-4.921,-11.92,-11.65
2024,mean_reversion,4.0,SD=4.0 (MR),2,50.0,0.998,-0.3,-0.609,-0.61,-0.3
