regime,entry_mode,trade_count,win_rate,net_pct,sharpe
bull_strong,bull_pullback,0,0.0,0.0,0.0
bull_strong,bear_pullback,692,31.8,-22.3,2.89
bull_strong,cross,192,63.5,5.33,-0.07
bull_strong,mean_reversion,1034,29.1,-35.11,0.65
bull_strong,deviation,720,27.6,-27.56,-1.12
bull_weak,bull_pullback,52,84.6,3.66,17.37
bull_weak,bear_pullback,3364,53.0,22.18,1.73
bull_weak,cross,5744,40.6,-66.07,-0.49
bull_weak,mean_reversion,5477,48.8,-12.34,-1.31
bull_weak,deviation,1667,51.1,3.68,-0.81
ranging,bull_pullback,400,75.2,22.36,9.34
ranging,bear_pullback,340,76.8,19.94,11.4
ranging,cross,4226,41.0,-53.24,-0.99
ranging,mean_reversion,4578,63.4,240.66,2.19
ranging,deviation,975,66.5,37.92,-0.56
bear_weak,bull_pullback,2706,56.4,40.87,5.76
bear_weak,bear_pullback,45,75.6,2.32,0.14
bear_weak,cross,4898,41.9,-54.73,0.99
bear_weak,mean_reversion,4874,50.9,8.82,1.11
bear_weak,deviation,1325,52.9,7.93,-1.58
bear_strong,bull_pullback,592,36.0,-15.32,4.83
bear_strong,bear_pullback,0,0.0,0.0,0.0
bear_strong,cross,172,61.6,4.07,-1.87
bear_strong,mean_reversion,943,31.9,-28.93,2.59
bear_strong,deviation,499,33.9,-14.89,2.19
