year,condition,option,trades,net_pct,win_rate,profit_factor,sharpe,max_dd,cagr
2018,Bear,Baseline,89,-26.51,23.6,0.30,-2.21,-26.5,-45.1
2018,Bear,A_HTF,14,-6.27,14.3,0.17,-0.52,-6.3,-10.7
2018,Bear,B_StrongPB,87,-26.87,23.0,0.29,-2.25,-26.9,-45.8
2018,Bear,C_Trend,12,-2.95,25.0,0.77,-0.65,-3.0,-5.0
2018,Bear,D_Session,110,-29.67,27.3,0.33,-2.77,-29.7,-50.6
2018,Bear,E_Hybrid,13,-7.11,7.7,0.08,-0.59,-7.1,-12.1
2018,Bear,F_Range,93,-32.02,22.6,0.27,-3.07,-32.0,-54.5
2019,Range,Baseline,127,-27.30,26.8,0.32,-3.01,-27.3,-46.5
2019,Range,A_HTF,22,-5.06,22.7,0.28,-0.71,-5.1,-8.6
2019,Range,B_StrongPB,123,-26.44,26.8,0.33,-2.89,-26.4,-45.0
2019,Range,C_Trend,12,-3.72,8.3,0.09,-0.93,-3.7,-6.3
2019,Range,D_Session,155,-36.61,24.5,0.27,-4.36,-36.6,-62.4
2019,Range,E_Hybrid,22,-5.06,22.7,0.28,-0.71,-5.1,-8.6
2019,Range,F_Range,133,-39.16,16.5,0.20,-4.77,-39.2,-66.7
2020,Bull,Baseline,128,-34.33,32.0,0.43,-3.91,-34.3,-58.5
2020,Bull,A_HTF,32,-0.42,50.0,2.89,0.55,-2.4,2.1
2020,Bull,B_StrongPB,123,-31.93,32.5,0.44,-3.59,-31.9,-54.4
2020,Bull,C_Trend,14,-2.79,28.6,0.85,-0.83,-2.8,-4.7
2020,Bull,D_Session,125,-32.34,28.8,0.36,-3.87,-32.3,-55.1
2020,Bull,E_Hybrid,32,-0.42,50.0,2.89,0.55,-2.4,2.1
2020,Bull,F_Range,134,-33.95,22.4,0.28,-4.04,-34.0,-57.9
2021,Bull,Baseline,121,-33.68,26.4,0.32,-3.80,-33.7,-57.4
2021,Bull,A_HTF,18,-5.77,27.8,0.38,-1.21,-5.8,-9.8
2021,Bull,B_StrongPB,119,-33.36,26.1,0.31,-3.74,-33.4,-56.9
2021,Bull,C_Trend,11,-3.44,27.3,0.77,-0.90,-3.4,-5.9
2021,Bull,D_Session,91,-32.56,28.6,0.35,-3.66,-32.6,-55.5
2021,Bull,E_Hybrid,18,-5.77,27.8,0.38,-1.21,-5.8,-9.8
2021,Bull,F_Range,117,-34.88,17.1,0.20,-4.03,-34.9,-59.5
2022,Bear,Baseline,83,-28.57,20.5,0.24,-3.29,-28.6,-48.7
2022,Bear,A_HTF,15,-5.87,6.7,0.07,-1.18,-5.9,-10.0
2022,Bear,B_StrongPB,78,-27.01,20.5,0.25,-3.10,-27.0,-46.0
2022,Bear,C_Trend,12,-3.61,16.7,0.17,-0.90,-3.6,-6.1
2022,Bear,D_Session,92,-27.68,21.7,0.26,-3.36,-27.7,-47.2
2022,Bear,E_Hybrid,14,-5.62,7.1,0.08,-1.13,-5.6,-9.6
2022,Bear,F_Range,91,-32.33,13.2,0.14,-4.12,-32.3,-55.1
2023,Range,Baseline,121,-32.10,19.0,0.22,-3.72,-32.1,-54.7
2023,Range,A_HTF,25,-7.00,20.0,0.25,-1.62,-7.0,-11.9
2023,Range,B_StrongPB,115,-30.86,20.0,0.24,-3.54,-30.9,-52.6
2023,Range,C_Trend,8,-2.33,0.0,0.00,-0.70,-2.3,-4.0
2023,Range,D_Session,143,-34.92,18.9,0.21,-4.24,-34.9,-59.5
2023,Range,E_Hybrid,22,-5.95,22.7,0.30,-1.37,-6.0,-10.1
2023,Range,F_Range,130,-31.69,16.2,0.18,-3.81,-31.7,-54.1
2024,Bull,Baseline,126,-28.14,21.4,0.26,-3.26,-28.1,-48.0
2024,Bull,A_HTF,28,-3.57,25.0,0.35,-0.82,-3.6,-6.1
2024,Bull,B_StrongPB,118,-26.53,22.0,0.27,-3.05,-26.5,-45.2
2024,Bull,C_Trend,10,-1.87,20.0,0.25,-0.56,-1.9,-3.2
2024,Bull,D_Session,102,-27.85,22.5,0.28,-3.25,-27.9,-47.5
2024,Bull,E_Hybrid,24,-3.21,25.0,0.34,-0.74,-3.2,-5.5
2024,Bull,F_Range,122,-29.68,14.8,0.16,-3.57,-29.7,-50.6