test_type,mode_or_method,trades,win_rate_pct,profit_factor,gross_pct,costs_pct,net_pct
individual,bull_pullback,30,36.67,0.6663,-1.61,9.0,-10.61
individual,bear_pullback,14,35.71,0.2848,-1.61,4.2,-5.81
individual,mean_reversion,86,33.72,0.5297,-5.82,25.8,-31.62
individual,cross,18,5.56,0.1086,-3.51,5.4,-8.91
individual,momentum,3,0.0,0.0,-0.5,0.9,-1.4
individual,deviation,22,31.82,0.6309,-1.69,6.6,-8.29
dynamic,EMA Direction,50,30.0,0.5543,-3.39,15.0,-18.39
dynamic,Price Position,7,14.29,0.0197,-1.23,2.1,-3.33
dynamic,ADX + EMA,98,36.73,0.5369,-6.37,29.4,-35.77
