tp_mode,atr_target,atr_stop,trades,win_rate,profit_factor,total_return,net_return,sharpe,max_dd,cagr,avg_win_pct,avg_loss_pct,rr_ratio
atr,1.5,0.7,251,27.9,0.39,-49.7,-125.0,-7.24,-50.45,-29.13,0.28,0.28,1.0
atr,2.0,0.7,251,27.5,0.4,-49.72,-125.02,-6.98,-50.5,-29.14,0.29,0.28,1.05
atr,2.5,0.7,251,26.7,0.4,-49.71,-125.01,-6.92,-50.49,-29.13,0.31,0.28,1.1
atr,3.0,0.7,251,26.7,0.42,-49.31,-124.61,-6.8,-50.1,-28.85,0.32,0.28,1.15
atr,3.5,0.7,251,26.7,0.41,-49.47,-124.77,-6.8,-50.25,-28.96,0.32,0.28,1.13
atr,4.0,0.7,251,26.7,0.41,-49.46,-124.76,-6.78,-50.25,-28.96,0.32,0.28,1.13
vwap,N/A,0.7,251,27.1,0.42,-49.22,-124.52,-6.76,-50.01,-28.79,0.32,0.28,1.13
vwap,N/A,7.0,250,27.6,0.4,-50.76,-125.76,-6.7,-51.53,-29.88,0.32,0.3,1.04
nearest,3.5,0.7,251,28.3,0.39,-49.38,-124.68,-7.09,-50.17,-28.9,0.28,0.28,1.0
